application_id,assigned_ra,state,department,tree_department,tier,node_id,portal,topic,treatment,language,needs_translation_review,letter_template,letter_file,fee_inr,reply_due_days
TN-026,RA1,Tamil Nadu,ADI DRAVIDAR AND TRIBAL WELFARE DEPARTMENT,ADI DRAVIDAR AND TRIBAL WELFARE DEPARTMENT,Department,59b5ded32dbc7e5e,rti_tamil_nadu,rti_meta,legal_salience,en,no,templates/legal_salience.txt,applications/RA1/TN-026.txt,10,30
TN-029,RA1,Tamil Nadu,"TAMIL NADU ADI DRAVIDAR HOUSING AND DEVELOPMENT CORPORATION (TAHDCO) HEAD OFFICE, CHENNAI",ADI DRAVIDAR AND TRIBAL WELFARE DEPARTMENT,Head of Department,b342d253e974c4fc,rti_tamil_nadu,rti_meta,plain,en,no,templates/plain.txt,applications/RA1/TN-029.txt,10,30
TN-030,RA1,Tamil Nadu,"ADW GOVERNMENT HIGH SCHOOL, OGALUR",ADI DRAVIDAR AND TRIBAL WELFARE DEPARTMENT,Sub Office,044d53dc75a8de3f,rti_tamil_nadu,rti_meta,plain,en,no,templates/plain.txt,applications/RA1/TN-030.txt,10,30
TN-032,RA1,Tamil Nadu,"ADW HIGH SCHOOL, KAPPUR",ADI DRAVIDAR AND TRIBAL WELFARE DEPARTMENT,Sub Office,d608850350a07a57,rti_tamil_nadu,rti_meta,plain,en,no,templates/plain.txt,applications/RA1/TN-032.txt,10,30
TN-040,RA1,Tamil Nadu,"SPECIAL TAHSILDAR (ADIDRAVIDAR WELFARE), HARUR TALUK",ADI DRAVIDAR AND TRIBAL WELFARE DEPARTMENT,Sub Office,2ed07f10b6b0a71f,rti_tamil_nadu,rti_meta,plain,en,no,templates/plain.txt,applications/RA1/TN-040.txt,10,30
TN-042,RA1,Tamil Nadu,"SPECIAL TAHSILDAR (ADIDRAVIDAR WELFARE), MADURAI NORTH TALUK (UNIT-2)",ADI DRAVIDAR AND TRIBAL WELFARE DEPARTMENT,Sub Office,07ddde80d624525d,rti_tamil_nadu,rti_meta,plain,en,no,templates/plain.txt,applications/RA1/TN-042.txt,10,30
TN-044,RA1,Tamil Nadu,"SPECIAL TAHSILDAR (ADIDRAVIDAR WELFARE), SANKARANKOIL TALUK",ADI DRAVIDAR AND TRIBAL WELFARE DEPARTMENT,Sub Office,39fc5971ef6b69e4,rti_tamil_nadu,rti_meta,legal_salience,en,no,templates/legal_salience.txt,applications/RA1/TN-044.txt,10,30
TN-048,RA1,Tamil Nadu,TAMIL NADU ADI DRAVIDAR HOUSING AND DEVELOPMENT CORPORATION (TAHDCO),ADI DRAVIDAR AND TRIBAL WELFARE DEPARTMENT,Sub Office,72f614268b65682f,rti_tamil_nadu,rti_meta,legal_salience,en,no,templates/legal_salience.txt,applications/RA1/TN-048.txt,10,30
TN-057,RA1,Tamil Nadu,"ASSISTANT DIRECTOR OF SEED CERTIFICATION AND ORGANIC CERTIFICATION, DHARMAPURI",AGRICULTURE AND FARMERS WELFARE DEPARTMENT,Sub Office,9c71673cf568a2ee,rti_tamil_nadu,rti_meta,legal_salience,en,no,templates/legal_salience.txt,applications/RA1/TN-057.txt,10,30
TN-064,RA1,Tamil Nadu,"DEPUTY DIRECTOR OF AGRICULTURE (AGRI BUSINESS), THOOTHUKUDI",AGRICULTURE AND FARMERS WELFARE DEPARTMENT,Sub Office,238e28ff90fc5b2c,rti_tamil_nadu,rti_meta,plain,en,no,templates/plain.txt,applications/RA1/TN-064.txt,10,30
TN-066,RA1,Tamil Nadu,"DEPUTY DIRECTOR OF SEED INSPECTION,ERODE",AGRICULTURE AND FARMERS WELFARE DEPARTMENT,Sub Office,a6581f3d230e4018,rti_tamil_nadu,rti_meta,plain,en,no,templates/plain.txt,applications/RA1/TN-066.txt,10,30
TN-070,RA1,Tamil Nadu,TIRUPPUR MARKET COMMITTEE,AGRICULTURE AND FARMERS WELFARE DEPARTMENT,Sub Office,b4238b972e0415c1,rti_tamil_nadu,rti_meta,legal_salience,en,no,templates/legal_salience.txt,applications/RA1/TN-070.txt,10,30
TN-075,RA1,Tamil Nadu,REGULATED MARKET MANNACHANALLUR,AGRICULTURE AND FARMERS WELFARE DEPARTMENT,Sub Office,7092460312d96e6d,rti_tamil_nadu,rti_meta,plain,en,no,templates/plain.txt,applications/RA1/TN-075.txt,10,30
TN-081,RA1,Tamil Nadu,"REGULATED MARKET, T.KALLUPATTI",AGRICULTURE AND FARMERS WELFARE DEPARTMENT,Sub Office,58a7fcd21077e545,rti_tamil_nadu,rti_meta,plain,en,no,templates/plain.txt,applications/RA1/TN-081.txt,10,30
TN-082,RA1,Tamil Nadu,"REGULATED MARKET, TIRUVARUR",AGRICULTURE AND FARMERS WELFARE DEPARTMENT,Sub Office,091671d300841dcd,rti_tamil_nadu,rti_meta,plain,en,no,templates/plain.txt,applications/RA1/TN-082.txt,10,30
TN-084,RA1,Tamil Nadu,"COMMISSIONERATE OF FISHERIES AND FISHERMEN WELFARE, CHENNAI","ANIMAL HUSBANDRY, DAIRYING, FISHERIES AND FISHERMEN WELFARE DEPARTMENT",Head of Department,4f56733cf5ad052e,rti_tamil_nadu,rti_meta,plain,en,no,templates/plain.txt,applications/RA1/TN-084.txt,10,30
TN-087,RA1,Tamil Nadu,TAMIL NADU FISHERIES DEVELOPMENT CORPORATION,"ANIMAL HUSBANDRY, DAIRYING, FISHERIES AND FISHERMEN WELFARE DEPARTMENT",Head of Department,b3bf2a364e3a10f7,rti_tamil_nadu,rti_meta,legal_salience,en,no,templates/legal_salience.txt,applications/RA1/TN-087.txt,10,30
TN-092,RA1,Tamil Nadu,"ASSISTANT DIRECTOR OF FISHERIES AND FISHERMEN WELFARE, RADHAPURAM, TIRUNELVELI","ANIMAL HUSBANDRY, DAIRYING, FISHERIES AND FISHERMEN WELFARE DEPARTMENT",Sub Office,84dc4970027a7152,rti_tamil_nadu,rti_meta,legal_salience,en,no,templates/legal_salience.txt,applications/RA1/TN-092.txt,10,30
TN-103,RA1,Tamil Nadu,"DEPUTY REGISTRAR(DAIRYING), THENI.","ANIMAL HUSBANDRY, DAIRYING, FISHERIES AND FISHERMEN WELFARE DEPARTMENT",Sub Office,b08f2a27f0237805,rti_tamil_nadu,rti_meta,plain,en,no,templates/plain.txt,applications/RA1/TN-103.txt,10,30
TN-106,RA1,Tamil Nadu,"DEPUTY REGISTRAR(DAIRYING), TIRUPPUR.","ANIMAL HUSBANDRY, DAIRYING, FISHERIES AND FISHERMEN WELFARE DEPARTMENT",Sub Office,35282ef9fbec3c1c,rti_tamil_nadu,rti_meta,plain,en,no,templates/plain.txt,applications/RA1/TN-106.txt,10,30
TN-108,RA1,Tamil Nadu,"EXECUTIVE ENGINEER, CHENNAI","ANIMAL HUSBANDRY, DAIRYING, FISHERIES AND FISHERMEN WELFARE DEPARTMENT",Sub Office,528d645f468a7441,rti_tamil_nadu,rti_meta,plain,en,no,templates/plain.txt,applications/RA1/TN-108.txt,10,30
TN-110,RA1,Tamil Nadu,"BACKWARD CLASSES, MOST BACKWARD CLASSES AND MINORITIES WELFARE DEPART","BACKWARD CLASSES, MOST BACKWARD CLASSES AND MINORITIES WELFARE DEPART",Department,70d2dc378cc47454,rti_tamil_nadu,rti_meta,legal_salience,en,no,templates/legal_salience.txt,applications/RA1/TN-110.txt,10,30
TN-112,RA1,Tamil Nadu,TAMIL NADU DENOTIFIED COMMUNITIES WELFARE BOARD,"BACKWARD CLASSES, MOST BACKWARD CLASSES AND MINORITIES WELFARE DEPART",Head of Department,0010aa2e0ae20ecc,rti_tamil_nadu,rti_meta,plain,en,no,templates/plain.txt,applications/RA1/TN-112.txt,10,30
TN-116,RA1,Tamil Nadu,"DISTRICT BACKWARD CLASSES AND MINORITIES WELFARE OFFICER, CHENNAI","BACKWARD CLASSES, MOST BACKWARD CLASSES AND MINORITIES WELFARE DEPART",Sub Office,d34328d8fd528a23,rti_tamil_nadu,rti_meta,plain,en,no,templates/plain.txt,applications/RA1/TN-116.txt,10,30
TN-121,RA1,Tamil Nadu,"DISTRICT BACKWARD CLASSES AND MINORITIES WELFARE OFFICER, TENKASI","BACKWARD CLASSES, MOST BACKWARD CLASSES AND MINORITIES WELFARE DEPART",Sub Office,aab536e878ede53b,rti_tamil_nadu,rti_meta,plain,en,no,templates/plain.txt,applications/RA1/TN-121.txt,10,30
TN-125,RA1,Tamil Nadu,"DISTRICT BACKWARD CLASSES AND MINORITIES WELFARE OFFICER, TIRUPPUR","BACKWARD CLASSES, MOST BACKWARD CLASSES AND MINORITIES WELFARE DEPART",Sub Office,2876aa4baf139129,rti_tamil_nadu,rti_meta,legal_salience,en,no,templates/legal_salience.txt,applications/RA1/TN-125.txt,10,30
TN-132,RA1,Tamil Nadu,TAMIL NADU WAQF BOARD - POONAMALLEE ZON,"BACKWARD CLASSES, MOST BACKWARD CLASSES AND MINORITIES WELFARE DEPART",Sub Office,aa54a0284efe7fce,rti_tamil_nadu,rti_meta,plain,en,no,templates/plain.txt,applications/RA1/TN-132.txt,10,30
TN-133,RA1,Tamil Nadu,TAMIL NADU WAQF BOARD - THANJAVUR ZONE,"BACKWARD CLASSES, MOST BACKWARD CLASSES AND MINORITIES WELFARE DEPART",Sub Office,5582eb5371e86a14,rti_tamil_nadu,rti_meta,plain,en,no,templates/plain.txt,applications/RA1/TN-133.txt,10,30
TN-135,RA1,Tamil Nadu,TAMIL NADU WAQF BOARD - VELLORE ZONE,"BACKWARD CLASSES, MOST BACKWARD CLASSES AND MINORITIES WELFARE DEPART",Sub Office,4ac0b70f8f0048e3,rti_tamil_nadu,rti_meta,legal_salience,en,no,templates/legal_salience.txt,applications/RA1/TN-135.txt,10,30
TN-141,RA1,Tamil Nadu,ASSISTANT COMMISSIONER (STATE TAXES) AYOTHIYAPATNAM ASSESSMENT CIRCLE,COMMERCIAL TAXES AND REGISTRATION,Sub Office,5b4bd6f0ac4b8776,rti_tamil_nadu,rti_meta,plain,en,no,templates/plain.txt,applications/RA1/TN-141.txt,10,30
TN-148,RA1,Tamil Nadu,DEPUTY COMMISSIONER (STATE TAXES) TIRUNELVELI,COMMERCIAL TAXES AND REGISTRATION,Sub Office,02595a9094c087ec,rti_tamil_nadu,rti_meta,plain,en,no,templates/plain.txt,applications/RA1/TN-148.txt,10,30
TN-149,RA1,Tamil Nadu,"DISTRICT REGISTRAR OFFICE (ADMIN), MADURAI (SOUTH)",COMMERCIAL TAXES AND REGISTRATION,Sub Office,fe1a4da602d29619,rti_tamil_nadu,rti_meta,plain,en,no,templates/plain.txt,applications/RA1/TN-149.txt,10,30
TN-158,RA1,Tamil Nadu,"SUB REGISTRAR OFFICE, GANDHIPURAM",COMMERCIAL TAXES AND REGISTRATION,Sub Office,5eb331809d07003e,rti_tamil_nadu,rti_meta,legal_salience,en,no,templates/legal_salience.txt,applications/RA1/TN-158.txt,10,30
TN-162,RA1,Tamil Nadu,"SUB REGISTRAR OFFICE, KUNNUR VIRUDHUNAGAR",COMMERCIAL TAXES AND REGISTRATION,Sub Office,d6150e6d5af973c2,rti_tamil_nadu,rti_meta,plain,en,no,templates/plain.txt,applications/RA1/TN-162.txt,10,30
TN-167,RA1,Tamil Nadu,"SUB REGISTRAR OFFICE, TRIPLICANE",COMMERCIAL TAXES AND REGISTRATION,Sub Office,2645e4fea71c8743,rti_tamil_nadu,rti_meta,plain,en,no,templates/plain.txt,applications/RA1/TN-167.txt,10,30
TN-168,RA1,Tamil Nadu,"SUB REGISTRAR OFFICE, VELUR",COMMERCIAL TAXES AND REGISTRATION,Sub Office,060194af976e77d2,rti_tamil_nadu,rti_meta,legal_salience,en,no,templates/legal_salience.txt,applications/RA1/TN-168.txt,10,30
TN-169,RA1,Tamil Nadu,"SUB REGISTRAR OFFICE,COONOOR UTHAGAMANDALAM",COMMERCIAL TAXES AND REGISTRATION,Sub Office,5b86a36b2e96323e,rti_tamil_nadu,rti_meta,plain,en,no,templates/plain.txt,applications/RA1/TN-169.txt,10,30
TN-170,RA1,Tamil Nadu,"SUB REGISTRAR OFFICE,SALAVAKKAM",COMMERCIAL TAXES AND REGISTRATION,Sub Office,924b4fd4a5978859,rti_tamil_nadu,rti_meta,legal_salience,en,no,templates/legal_salience.txt,applications/RA1/TN-170.txt,10,30
TN-174,RA1,Tamil Nadu,REGISTRAR OF COOPERATIVE SOCIETIES,"COOPERATION, FOOD AND CONSUMER PROTECTION DEPARTMENT",Head of Department,e0ee09601ece5b4b,rti_tamil_nadu,rti_meta,plain,en,no,templates/plain.txt,applications/RA1/TN-174.txt,10,30
TN-178,RA1,Tamil Nadu,"CIVIL SUPPLIES AND CONSUMER PROTECTION DEPARTMENT, MADURAVOYAL ZONE","COOPERATION, FOOD AND CONSUMER PROTECTION DEPARTMENT",Sub Office,c9238675c3cdf59c,rti_tamil_nadu,rti_meta,plain,en,no,templates/plain.txt,applications/RA1/TN-178.txt,10,30
TN-180,RA1,Tamil Nadu,"DISTRICT CONSUMER DISPUTES REDRESSAL COMMISSION, RAMANATHAPURAM","COOPERATION, FOOD AND CONSUMER PROTECTION DEPARTMENT",Sub Office,a33662f5c8365ce3,rti_tamil_nadu,rti_meta,plain,en,no,templates/plain.txt,applications/RA1/TN-180.txt,10,30
TN-188,RA1,Tamil Nadu,"DEPUTY REGISTRAR (PDS) OF COOPERATIVE SOCIETIES, COIMBATORE","COOPERATION, FOOD AND CONSUMER PROTECTION DEPARTMENT",Sub Office,7ef8b7a9c86d989a,rti_tamil_nadu,rti_meta,plain,en,no,templates/plain.txt,applications/RA1/TN-188.txt,10,30
TN-189,RA1,Tamil Nadu,"DEPUTY REGISTRAR (PDS) OF COOPERATIVE SOCIETIES, PARK TOWN 2","COOPERATION, FOOD AND CONSUMER PROTECTION DEPARTMENT",Sub Office,9022014d1965e9a5,rti_tamil_nadu,rti_meta,legal_salience,en,no,templates/legal_salience.txt,applications/RA1/TN-189.txt,10,30
TN-190,RA1,Tamil Nadu,"DEPUTY REGISTRAR (PDS) OF COOPERATIVE SOCIETIES, THENI","COOPERATION, FOOD AND CONSUMER PROTECTION DEPARTMENT",Sub Office,2c42770f1476a88f,rti_tamil_nadu,rti_meta,plain,en,no,templates/plain.txt,applications/RA1/TN-190.txt,10,30
TN-197,RA1,Tamil Nadu,"DEPUTY REGISTRAR OF COOPERATIVE SOCIETIES,PALANI","COOPERATION, FOOD AND CONSUMER PROTECTION DEPARTMENT",Sub Office,cbb0cfef957ff016,rti_tamil_nadu,rti_meta,legal_salience,en,no,templates/legal_salience.txt,applications/RA1/TN-197.txt,10,30
TN-207,RA1,Tamil Nadu,"ELECTRICAL INSPECTOR, WEST PALLADAM, TIRUPPUR",ENERGY DEPARTMENT,Sub Office,86052b5bcb10efd6,rti_tamil_nadu,rti_meta,plain,en,no,templates/plain.txt,applications/RA1/TN-207.txt,10,30
TN-214,RA1,Tamil Nadu,TAMIL NADU POWER DISTRIBUTION CORPORATION LIMITED /MADURAI/METRO/WEST,ENERGY DEPARTMENT,Sub Office,372e39957a3de4dc,rti_tamil_nadu,rti_meta,legal_salience,en,no,templates/legal_salience.txt,applications/RA1/TN-214.txt,10,30
TN-215,RA1,Tamil Nadu,TAMIL NADU POWER DISTRIBUTION CORPORATION LIMITED /PALLADAM,ENERGY DEPARTMENT,Sub Office,fd3314c8f62f5acb,rti_tamil_nadu,rti_meta,plain,en,no,templates/plain.txt,applications/RA1/TN-215.txt,10,30
TN-224,RA1,Tamil Nadu,TAMIL NADU POWER DISTRIBUTION CORPORATION LIMITED/COIMBATORE/METRO/CENTRAL,ENERGY DEPARTMENT,Sub Office,ea5ee1b2c4d49dee,rti_tamil_nadu,rti_meta,plain,en,no,templates/plain.txt,applications/RA1/TN-224.txt,10,30
TN-225,RA1,Tamil Nadu,TAMIL NADU POWER DISTRIBUTION CORPORATION LIMITED/COMMERCIAL 1/HQ,ENERGY DEPARTMENT,Sub Office,28027c4a32927bc9,rti_tamil_nadu,rti_meta,plain,en,no,templates/plain.txt,applications/RA1/TN-225.txt,10,30
TN-226,RA1,Tamil Nadu,TAMIL NADU POWER DISTRIBUTION CORPORATION LIMITED/COMMERCIAL 2/HQ,ENERGY DEPARTMENT,Sub Office,a3d03cfeb8adb33c,rti_tamil_nadu,rti_meta,legal_salience,en,no,templates/legal_salience.txt,applications/RA1/TN-226.txt,10,30
TN-232,RA1,Tamil Nadu,"TAMILNADU FOREST PLANTATION CORPORATION LIMITED, TRICHY","ENVIRONMENT, CLIMATE CHANGE AND FORESTS DEPARTMENT",Head of Department,19d851906b9e30a2,rti_tamil_nadu,rti_meta,plain,en,no,templates/plain.txt,applications/RA1/TN-232.txt,10,30
TN-233,RA1,Tamil Nadu,"TAMILNADU POLLUTION CONTROL BOARD, CORPORATE OFFICE","ENVIRONMENT, CLIMATE CHANGE AND FORESTS DEPARTMENT",Head of Department,6fa5784490000afc,rti_tamil_nadu,rti_meta,legal_salience,en,no,templates/legal_salience.txt,applications/RA1/TN-233.txt,10,30
TN-234,RA1,Tamil Nadu,"CHIEF CONSERVATOR OF FORESTS, VELLORE CIRCLE, VELLORE","ENVIRONMENT, CLIMATE CHANGE AND FORESTS DEPARTMENT",Sub Office,83b7dd3d9467c8d1,rti_tamil_nadu,rti_meta,plain,en,no,templates/plain.txt,applications/RA1/TN-234.txt,10,30
TN-236,RA1,Tamil Nadu,"STATE FOREST RESEARCH INSTITUTE,","ENVIRONMENT, CLIMATE CHANGE AND FORESTS DEPARTMENT",Sub Office,aded6ec523a66248,rti_tamil_nadu,rti_meta,plain,en,no,templates/plain.txt,applications/RA1/TN-236.txt,10,30
TN-238,RA1,Tamil Nadu,"DEPUTY DIRECTOR, MASINAGUDI MUDUMALAI TIGER RESERVE","ENVIRONMENT, CLIMATE CHANGE AND FORESTS DEPARTMENT",Sub Office,f76a8410167c57b3,rti_tamil_nadu,rti_meta,legal_salience,en,no,templates/legal_salience.txt,applications/RA1/TN-238.txt,10,30
TN-240,RA1,Tamil Nadu,"DISTRICT FOREST OFFICE, CHENGALPATTU DIVISION","ENVIRONMENT, CLIMATE CHANGE AND FORESTS DEPARTMENT",Sub Office,36f14c079c4a7300,rti_tamil_nadu,rti_meta,plain,en,no,templates/plain.txt,applications/RA1/TN-240.txt,10,30
TN-249,RA1,Tamil Nadu,"TAMILNADU POLLUTION CONTROL BOARD, OFFICE OF THE DISTRICT ENVIRONMENTAL ENGINEER, PUDUKKOTTAI","ENVIRONMENT, CLIMATE CHANGE AND FORESTS DEPARTMENT",Sub Office,c160c5db1dcaa26d,rti_tamil_nadu,rti_meta,plain,en,no,templates/plain.txt,applications/RA1/TN-249.txt,10,30
TN-256,RA1,Tamil Nadu,FINANCE DEPARTMENT,FINANCE DEPARTMENT,Department,157cf4317f5db739,rti_tamil_nadu,rti_meta,legal_salience,en,no,templates/legal_salience.txt,applications/RA1/TN-256.txt,10,30
TN-260,RA1,Tamil Nadu,"DIRECTORATE OF TREASURIES AND ACCOUNTS, CHENNAI",FINANCE DEPARTMENT,Head of Department,d4df7bb9ce9df5fd,rti_tamil_nadu,rti_meta,plain,en,no,templates/plain.txt,applications/RA1/TN-260.txt,10,30
TN-271,RA1,Tamil Nadu,"ASSISTANT DIRECTOR OF COOPERATIVE AUDIT, KARUR",FINANCE DEPARTMENT,Sub Office,0b1044fe9aa74f9f,rti_tamil_nadu,rti_meta,legal_salience,en,no,templates/legal_salience.txt,applications/RA1/TN-271.txt,10,30
TN-274,RA1,Tamil Nadu,"ASSISTANT DIRECTOR, LOCAL FUND AUDIT, DHARMAPURI",FINANCE DEPARTMENT,Sub Office,6c4866e133cb3a8c,rti_tamil_nadu,rti_meta,plain,en,no,templates/plain.txt,applications/RA1/TN-274.txt,10,30
TN-276,RA1,Tamil Nadu,"ASSISTANT SUPERINTENDENT OF STAMPS OFFICE, NANDHANAM, CHENNAI",FINANCE DEPARTMENT,Sub Office,af4e6c2d7aae0aa4,rti_tamil_nadu,rti_meta,plain,en,no,templates/plain.txt,applications/RA1/TN-276.txt,10,30
TN-280,RA1,Tamil Nadu,"PENSION PAY OFFICE CHENNAI, NANDANAM, CHENNAI",FINANCE DEPARTMENT,Sub Office,e8b20842b27412d3,rti_tamil_nadu,rti_meta,plain,en,no,templates/plain.txt,applications/RA1/TN-280.txt,10,30
TN-281,RA1,Tamil Nadu,"HANDLOOMS, HANDICRAFTS, TEXTILES AND KHADI DEPARTMENT","HANDLOOMS, HANDICRAFTS, TEXTILES AND KHADI DEPARTMENT",Department,5869a8aa851cb2f8,rti_tamil_nadu,rti_meta,legal_salience,en,no,templates/legal_salience.txt,applications/RA1/TN-281.txt,10,30
TN-285,RA1,Tamil Nadu,THE TAMIL NADU HANDICRAFTS DEVELOPMENT CORPORATION LTD,"HANDLOOMS, HANDICRAFTS, TEXTILES AND KHADI DEPARTMENT",Head of Department,ceeefd9aa8e7996e,rti_tamil_nadu,rti_meta,plain,en,no,templates/plain.txt,applications/RA1/TN-285.txt,10,30
TN-288,RA1,Tamil Nadu,"ASSISTANT DIRECTOR OF HANDLOOMS, TIRUVALLUR","HANDLOOMS, HANDICRAFTS, TEXTILES AND KHADI DEPARTMENT",Sub Office,861db73c57b6daab,rti_tamil_nadu,rti_meta,plain,en,no,templates/plain.txt,applications/RA1/TN-288.txt,10,30
TN-293,RA1,Tamil Nadu,"DEPUTY DIRECTOR (SILK), SALEM","HANDLOOMS, HANDICRAFTS, TEXTILES AND KHADI DEPARTMENT",Sub Office,24c1a9e581daf88c,rti_tamil_nadu,rti_meta,legal_salience,en,no,templates/legal_salience.txt,applications/RA1/TN-293.txt,10,30
TN-299,RA1,Tamil Nadu,"REGIONAL DEPUTY DIRECTOR OF SERICULTURE, TRICHY","HANDLOOMS, HANDICRAFTS, TEXTILES AND KHADI DEPARTMENT",Sub Office,5369648e286f3a10,rti_tamil_nadu,rti_meta,plain,en,no,templates/plain.txt,applications/RA1/TN-299.txt,10,30
TN-301,RA1,Tamil Nadu,"TAMIL NADU CO-OPERATIVE SILK PRODUCERS' FEDERATION LIMITED, KANCHIPURAM","HANDLOOMS, HANDICRAFTS, TEXTILES AND KHADI DEPARTMENT",Sub Office,6d4f2addb286c3bb,rti_tamil_nadu,rti_meta,plain,en,no,templates/plain.txt,applications/RA1/TN-301.txt,10,30
TN-306,RA1,Tamil Nadu,"ASSISTANT DIRECTOR OF SERICULTURE, HOSUR","HANDLOOMS, HANDICRAFTS, TEXTILES AND KHADI DEPARTMENT",Sub Office,0e4b7fe5bbc5b2bd,rti_tamil_nadu,rti_meta,legal_salience,en,no,templates/legal_salience.txt,applications/RA1/TN-306.txt,10,30
TN-308,RA1,Tamil Nadu,DIRECTORATE OF FAMILY WELFARE,HEALTH AND FAMILY WELFARE DEPARTMENT,Head of Department,458c1e87decb526c,rti_tamil_nadu,rti_meta,plain,en,no,templates/plain.txt,applications/RA1/TN-308.txt,10,30
TN-312,RA1,Tamil Nadu,"CHIEF WATER ANALYSIS LABORATORY,TIRUNELVELI",HEALTH AND FAMILY WELFARE DEPARTMENT,Sub Office,e3b16cdb4c79aa08,rti_tamil_nadu,rti_meta,plain,en,no,templates/plain.txt,applications/RA1/TN-312.txt,10,30
TN-315,RA1,Tamil Nadu,"DISTRICT HEAD QUARTERS HOSPITAL, KUMBAKONAM",HEALTH AND FAMILY WELFARE DEPARTMENT,Sub Office,40c41b59aaf9d6c7,rti_tamil_nadu,rti_meta,legal_salience,en,no,templates/legal_salience.txt,applications/RA1/TN-315.txt,10,30
TN-326,RA1,Tamil Nadu,"GOVERNMENT MEDICAL COLLEGE, NAGAPATTINAM",HEALTH AND FAMILY WELFARE DEPARTMENT,Sub Office,d4f39f6abd48f09b,rti_tamil_nadu,rti_meta,plain,en,no,templates/plain.txt,applications/RA1/TN-326.txt,10,30
TN-328,RA1,Tamil Nadu,"GOVERNMENT THIRUVARUR MEDICAL COLLEGE HOSPITAL, THIRUVARUR",HEALTH AND FAMILY WELFARE DEPARTMENT,Sub Office,d6bbc9616c8d2b83,rti_tamil_nadu,rti_meta,plain,en,no,templates/plain.txt,applications/RA1/TN-328.txt,10,30
TN-329,RA1,Tamil Nadu,"GOVERNMENT TIRUVOTTESWARAR HOSPITAL OF THORACIC MEDICINE, OTTERI, AMINJIKARAI",HEALTH AND FAMILY WELFARE DEPARTMENT,Sub Office,febb5e045c2fbedc,rti_tamil_nadu,rti_meta,plain,en,no,templates/plain.txt,applications/RA1/TN-329.txt,10,30
TN-334,RA1,Tamil Nadu,"WOMEN AND CHILDREN HOSPITAL, VIJAYAPURAM, MADATHUKULAM",HEALTH AND FAMILY WELFARE DEPARTMENT,Sub Office,727db04bf1f0ec2d,rti_tamil_nadu,rti_meta,legal_salience,en,no,templates/legal_salience.txt,applications/RA1/TN-334.txt,10,30
TN-339,RA1,Tamil Nadu,TAMIL NADU STATE COUNCIL FOR SCIENCE AND TECHNOLOGY,HIGHER EDUCATION DEPARTMENT,Head of Department,030f8dbc86989ee2,rti_tamil_nadu,rti_meta,plain,en,no,templates/plain.txt,applications/RA1/TN-339.txt,10,30
TN-341,RA1,Tamil Nadu,"GOVERNMENT POLYTECHNIC COLLEGE PALAKKODU, DHARMAPURI",HIGHER EDUCATION DEPARTMENT,Sub Office,cd600c9de8aa2585,rti_tamil_nadu,rti_meta,plain,en,no,templates/plain.txt,applications/RA1/TN-341.txt,10,30
TN-348,RA1,Tamil Nadu,"GOVERNMENT ARTS AND SCIENCE COLLEGE, MANAMADURAI, SIVAGANGA",HIGHER EDUCATION DEPARTMENT,Sub Office,e3262381e758cea7,rti_tamil_nadu,rti_meta,plain,en,no,templates/plain.txt,applications/RA1/TN-348.txt,10,30
TN-351,RA1,Tamil Nadu,"JEYARAJ ANNAPACKIAM COLLEGE (AUTONOMOUS), THENI.",HIGHER EDUCATION DEPARTMENT,Sub Office,2ad82928addcedd8,rti_tamil_nadu,rti_meta,legal_salience,en,no,templates/legal_salience.txt,applications/RA1/TN-351.txt,10,30
TN-353,RA1,Tamil Nadu,"LADY WILLINGTON INSTITUTE OF ADVANCED STUDY IN EDUCATION, CHENNAI.",HIGHER EDUCATION DEPARTMENT,Sub Office,115d8041e40df077,rti_tamil_nadu,rti_meta,plain,en,no,templates/plain.txt,applications/RA1/TN-353.txt,10,30
TN-360,RA1,Tamil Nadu,"STELLA MATUTINA COLLEGE OF EDUCATION, CHENNAI.",HIGHER EDUCATION DEPARTMENT,Sub Office,576c3299fdb3cd36,rti_tamil_nadu,rti_meta,plain,en,no,templates/plain.txt,applications/RA1/TN-360.txt,10,30
TN-365,RA1,Tamil Nadu,"V.S SIVALINGAM GOVERNMENT ARTS COLLEGE, SIVAGANGA.",HIGHER EDUCATION DEPARTMENT,Sub Office,a971e4ed2c8baf92,rti_tamil_nadu,rti_meta,legal_salience,en,no,templates/legal_salience.txt,applications/RA1/TN-365.txt,10,30
TN-366,RA1,Tamil Nadu,"VIVEKANANDA COLLEGE, AGASTEESWARAM, KANNIYAKUMARI",HIGHER EDUCATION DEPARTMENT,Sub Office,14bff02b2b2c34ce,rti_tamil_nadu,rti_meta,plain,en,no,templates/plain.txt,applications/RA1/TN-366.txt,10,30
TN-367,RA1,Tamil Nadu,HIGHWAYS AND MINOR PORTS DEPARTMENT,HIGHWAYS AND MINOR PORTS DEPARTMENT,Department,6729ddd1d73ee7aa,rti_tamil_nadu,rti_meta,legal_salience,en,no,templates/legal_salience.txt,applications/RA1/TN-367.txt,10,30
TN-374,RA1,Tamil Nadu,"DIVISIONAL ENGINEER(HIGHWAYS), PROJECTS DIVISION, CHENNAI.",HIGHWAYS AND MINOR PORTS DEPARTMENT,Sub Office,a9979cf4c16c7faf,rti_tamil_nadu,rti_meta,plain,en,no,templates/plain.txt,applications/RA1/TN-374.txt,10,30
TN-377,RA1,Tamil Nadu,"THE SUPERINTENDING ENGINEER (HIGHWAYS) C&M CIRCLE, TVS TOLGATE TRICHY",HIGHWAYS AND MINOR PORTS DEPARTMENT,Sub Office,ada8058102efbfb7,rti_tamil_nadu,rti_meta,plain,en,no,templates/plain.txt,applications/RA1/TN-377.txt,10,30
TN-379,RA1,Tamil Nadu,"DIVISIONAL ENGINEER HIGHWAYS, C&M CHENNAI CHENGALPATTU",HIGHWAYS AND MINOR PORTS DEPARTMENT,Sub Office,3586df4706814f01,rti_tamil_nadu,rti_meta,plain,en,no,templates/plain.txt,applications/RA1/TN-379.txt,10,30
TN-389,RA1,Tamil Nadu,"THE DIVISIONAL ENGINEER,HIGHWAYS, CONSTRUCTION AND MAINTENANCE,KANNIYA KUMARI",HIGHWAYS AND MINOR PORTS DEPARTMENT,Sub Office,87bc9284521ff91b,rti_tamil_nadu,rti_meta,legal_salience,en,no,templates/legal_salience.txt,applications/RA1/TN-389.txt,10,30
TN-390,RA1,Tamil Nadu,"THE DIVISIONAL ENGINEER,HIGHWAYS, CONSTRUCTION AND MAINTENANCE,TIRUNELVELI",HIGHWAYS AND MINOR PORTS DEPARTMENT,Sub Office,ccc4d6e00f014714,rti_tamil_nadu,rti_meta,plain,en,no,templates/plain.txt,applications/RA1/TN-390.txt,10,30
TN-393,RA1,Tamil Nadu,"DIRECTOR GENERAL OF POLICE, HEAD OF POLICE FORCE, CHENNAI",HOME DEPARTMENT,Head of Department,ae444e91458269b1,rti_tamil_nadu,rti_meta,legal_salience,en,no,templates/legal_salience.txt,applications/RA1/TN-393.txt,10,30
TN-394,RA1,Tamil Nadu,"DIRECTOR GENERAL OF PRISONS AND CORRECTIONAL SERVICES, EGMORE, CHENNAI",HOME DEPARTMENT,Head of Department,0fcf99ab1cc94620,rti_tamil_nadu,rti_meta,plain,en,no,templates/plain.txt,applications/RA1/TN-394.txt,10,30
TN-410,RA1,Tamil Nadu,"REGIONAL PROBATION OFFICER, SALEM REGION,PRISON DEPARTMENT",HOME DEPARTMENT,Sub Office,db56dc671a41acb8,rti_tamil_nadu,rti_meta,plain,en,no,templates/plain.txt,applications/RA1/TN-410.txt,10,30
TN-411,RA1,Tamil Nadu,"REGIONAL TRANSPORT OFFICE, ARANI",HOME DEPARTMENT,Sub Office,75ee3ef942c4da37,rti_tamil_nadu,rti_meta,plain,en,no,templates/plain.txt,applications/RA1/TN-411.txt,10,30
TN-412,RA1,Tamil Nadu,"REGIONAL TRANSPORT OFFICE, CHENNAI(NORTH EAST)",HOME DEPARTMENT,Sub Office,7e1167a3a87bb43c,rti_tamil_nadu,rti_meta,legal_salience,en,no,templates/legal_salience.txt,applications/RA1/TN-412.txt,10,30
TN-415,RA1,Tamil Nadu,"REGIONAL TRANSPORT OFFICE, VANIYAMBADI",HOME DEPARTMENT,Sub Office,21d9f8bddae365a0,rti_tamil_nadu,rti_meta,plain,en,no,templates/plain.txt,applications/RA1/TN-415.txt,10,30
TN-419,RA1,Tamil Nadu,"DEPUTY COMMISSIONER OF POLICE, KOLATHUR, CHENNAI",HOME DEPARTMENT,Sub Office,503721dfb132ed69,rti_tamil_nadu,rti_meta,plain,en,no,templates/plain.txt,applications/RA1/TN-419.txt,10,30
TN-422,RA1,Tamil Nadu,CHENNAI UNIFIED METROPOLITAN TRANSPORT AUTHORITY (CUMTA),HOUSING AND URBAN DEVELOPMENT DEPARTMENT,Head of Department,96f9488e5698b915,rti_tamil_nadu,rti_meta,plain,en,no,templates/plain.txt,applications/RA1/TN-422.txt,10,30
TN-424,RA1,Tamil Nadu,"TAMILNADU URBAN HABITAT DEVELOPMENT BOARD, CHENNAI",HOUSING AND URBAN DEVELOPMENT DEPARTMENT,Head of Department,705e26d06ed0a919,rti_tamil_nadu,rti_meta,legal_salience,en,no,templates/legal_salience.txt,applications/RA1/TN-424.txt,10,30
TN-425,RA1,Tamil Nadu,"DISTRICT TOWN AND COUNTRY PLANNING, CUDDALORE",HOUSING AND URBAN DEVELOPMENT DEPARTMENT,Sub Office,efc5c6ff924af892,rti_tamil_nadu,rti_meta,plain,en,no,templates/plain.txt,applications/RA1/TN-425.txt,10,30
TN-429,RA1,Tamil Nadu,"DISTRICT TOWN AND COUNTRY PLANNING, NILGIRIS",HOUSING AND URBAN DEVELOPMENT DEPARTMENT,Sub Office,569654c95119da7d,rti_tamil_nadu,rti_meta,legal_salience,en,no,templates/legal_salience.txt,applications/RA1/TN-429.txt,10,30
TN-431,RA1,Tamil Nadu,"DISTRICT TOWN AND COUNTRY PLANNING, TENKASI",HOUSING AND URBAN DEVELOPMENT DEPARTMENT,Sub Office,26f6336fede4ae05,rti_tamil_nadu,rti_meta,plain,en,no,templates/plain.txt,applications/RA1/TN-431.txt,10,30
TN-434,RA1,Tamil Nadu,"TAMIL NADU HOUSING BOARD, MAINTENANCE DIVISION, NANDANAM, CHENNAI",HOUSING AND URBAN DEVELOPMENT DEPARTMENT,Sub Office,892f56a4e801c9e8,rti_tamil_nadu,rti_meta,plain,en,no,templates/plain.txt,applications/RA1/TN-434.txt,10,30
TN-445,RA1,Tamil Nadu,HUMAN RESOURCES MANAGEMENT DEPARTMENT,HUMAN RESOURCES MANAGEMENT DEPARTMENT,Department,fa0cdbbe66fcdc7b,rti_tamil_nadu,rti_meta,plain,en,no,templates/plain.txt,applications/RA1/TN-445.txt,10,30
TN-453,RA1,Tamil Nadu,"COMPETITIVE EXAMINATIONS COACHING CENTRE, TONDIARPET",HUMAN RESOURCES MANAGEMENT DEPARTMENT,Sub Office,764d58ef0ab8dc77,rti_tamil_nadu,rti_meta,legal_salience,en,no,templates/legal_salience.txt,applications/RA1/TN-453.txt,10,30
TN-454,RA1,Tamil Nadu,"COMPETITIVE EXAMINATIONS COACHING CENTRE, TRIPLICANE",HUMAN RESOURCES MANAGEMENT DEPARTMENT,Sub Office,d6bf065ca0a9a25e,rti_tamil_nadu,rti_meta,plain,en,no,templates/plain.txt,applications/RA1/TN-454.txt,10,30
TN-456,RA1,Tamil Nadu,INDUSTRIES DEPARTMENT,INDUSTRIES DEPARTMENT,Department,e231b18ed14e4e15,rti_tamil_nadu,rti_meta,plain,en,no,templates/plain.txt,applications/RA1/TN-456.txt,10,30
TN-461,RA1,Tamil Nadu,MARIYUR VALINOKKAM SALT COMPLEX,INDUSTRIES DEPARTMENT,Sub Office,743c711ebb8725f4,rti_tamil_nadu,rti_meta,plain,en,no,templates/plain.txt,applications/RA1/TN-461.txt,10,30
TN-466,RA1,Tamil Nadu,ELECTRONICS CORPORATION OF TAMIL NADU,INFORMATION TECHNOLOGY AND DIGITAL SERVICES DEPARTMENT,Head of Department,e143108f71332a8d,rti_tamil_nadu,rti_meta,plain,en,no,templates/plain.txt,applications/RA1/TN-466.txt,10,30
TN-468,RA1,Tamil Nadu,"TAMIL VIRTUAL ACADEMY, CHENNAI",INFORMATION TECHNOLOGY AND DIGITAL SERVICES DEPARTMENT,Head of Department,061d4293efff1b4e,rti_tamil_nadu,rti_meta,legal_salience,en,no,templates/legal_salience.txt,applications/RA1/TN-468.txt,10,30
TN-469,RA1,Tamil Nadu,"TAMIL NADU ARASU CABLE TV CORPORATION LIMITED , DHARMAPURI",INFORMATION TECHNOLOGY AND DIGITAL SERVICES DEPARTMENT,Sub Office,64e7783cd3f9e6eb,rti_tamil_nadu,rti_meta,plain,en,no,templates/plain.txt,applications/RA1/TN-469.txt,10,30
TN-472,RA1,Tamil Nadu,"TAMIL NADU ARASU CABLE TV CORPORATION LIMITED , VILLUPURAM",INFORMATION TECHNOLOGY AND DIGITAL SERVICES DEPARTMENT,Sub Office,ff8ee1fb1e5dedb5,rti_tamil_nadu,rti_meta,plain,en,no,templates/plain.txt,applications/RA1/TN-472.txt,10,30
TN-476,RA1,Tamil Nadu,TAMIL NADU ARASU CABLE TV CORPORATION LIMITED THOOTHUKUDI,INFORMATION TECHNOLOGY AND DIGITAL SERVICES DEPARTMENT,Sub Office,05441924484b792e,rti_tamil_nadu,rti_meta,legal_salience,en,no,templates/legal_salience.txt,applications/RA1/TN-476.txt,10,30
TN-479,RA1,Tamil Nadu,TAMIL NADU ARASU CABLE TV CORPORATION LIMITED TIRUVARUR,INFORMATION TECHNOLOGY AND DIGITAL SERVICES DEPARTMENT,Sub Office,6b4192f7398e5101,rti_tamil_nadu,rti_meta,plain,en,no,templates/plain.txt,applications/RA1/TN-479.txt,10,30
TN-489,RA1,Tamil Nadu,LABOUR WELFARE AND SKILL DEVELOPMENT DEPARTMENT,LABOUR WELFARE AND SKILL DEVELOPMENT DEPARTMENT,Department,eb7d9fe3ce262756,rti_tamil_nadu,rti_meta,plain,en,no,templates/plain.txt,applications/RA1/TN-489.txt,10,30
TN-497,RA1,Tamil Nadu,"DISTRICT EMPLOYMENT AND CAREER GUIDANCE CENTRE, THENI",LABOUR WELFARE AND SKILL DEVELOPMENT DEPARTMENT,Sub Office,6db315a5dbd26c1f,rti_tamil_nadu,rti_meta,plain,en,no,templates/plain.txt,applications/RA1/TN-497.txt,10,30
TN-499,RA1,Tamil Nadu,"DISTRICT SKILL TRAINING OFFICE, THOOTHUKUDI",LABOUR WELFARE AND SKILL DEVELOPMENT DEPARTMENT,Sub Office,013abaa49e905381,rti_tamil_nadu,rti_meta,plain,en,no,templates/plain.txt,applications/RA1/TN-499.txt,10,30
TN-504,RA1,Tamil Nadu,"GOVERNMENT I.T.I., THIRUKKUVALAI",LABOUR WELFARE AND SKILL DEVELOPMENT DEPARTMENT,Sub Office,82813a062180ce6b,rti_tamil_nadu,rti_meta,plain,en,no,templates/plain.txt,applications/RA1/TN-504.txt,10,30
TN-509,RA1,Tamil Nadu,"ASSISTANT INSPECTOR OF LABOUR, DHARAPURAM",LABOUR WELFARE AND SKILL DEVELOPMENT DEPARTMENT,Sub Office,52fa9adadcb5d0b7,rti_tamil_nadu,rti_meta,legal_salience,en,no,templates/legal_salience.txt,applications/RA1/TN-509.txt,10,30
TN-510,RA1,Tamil Nadu,"ASSISTANT INSPECTOR OF LABOUR, THOOTHUKUDI 1ST CIRCLE",LABOUR WELFARE AND SKILL DEVELOPMENT DEPARTMENT,Sub Office,619ef59cb73bc37e,rti_tamil_nadu,rti_meta,legal_salience,en,no,templates/legal_salience.txt,applications/RA1/TN-510.txt,10,30
TN-513,RA1,Tamil Nadu,"ASSISTANT INSPECTOR OF LABOUR-2, PALANI",LABOUR WELFARE AND SKILL DEVELOPMENT DEPARTMENT,Sub Office,c92de401a72c834d,rti_tamil_nadu,rti_meta,plain,en,no,templates/plain.txt,applications/RA1/TN-513.txt,10,30
TN-514,RA1,Tamil Nadu,"ASSISTANT INSPECTOR OF LABOUR-2, SIVAKASI",LABOUR WELFARE AND SKILL DEVELOPMENT DEPARTMENT,Sub Office,8328b33104bf4813,rti_tamil_nadu,rti_meta,plain,en,no,templates/plain.txt,applications/RA1/TN-514.txt,10,30
TN-516,RA1,Tamil Nadu,"ASSISTANT INSPECTOR OF LABOUR-25, CHENNAI.",LABOUR WELFARE AND SKILL DEVELOPMENT DEPARTMENT,Sub Office,d1c4f87952970a5d,rti_tamil_nadu,rti_meta,legal_salience,en,no,templates/legal_salience.txt,applications/RA1/TN-516.txt,10,30
TN-519,RA1,Tamil Nadu,"STAMPING INSPECTOR, COMMISSIONER OF LABOUR, DHARAPURAM",LABOUR WELFARE AND SKILL DEVELOPMENT DEPARTMENT,Sub Office,a49e63781bf1a2b9,rti_tamil_nadu,rti_meta,plain,en,no,templates/plain.txt,applications/RA1/TN-519.txt,10,30
TN-528,RA1,Tamil Nadu,"TAMIL NADU NATIONAL LAW UNIVERSITY, TIRUCHIRAPPALLI",LAW DEPARTMENT,Head of Department,a03d5924243e4f90,rti_tamil_nadu,rti_meta,plain,en,no,templates/plain.txt,applications/RA1/TN-528.txt,10,30
TN-529,RA1,Tamil Nadu,CHENNAI DR.AMBEDKAR GOVERNMENT LAW COLLEGE,LAW DEPARTMENT,Sub Office,88e6fb7134ac8dda,rti_tamil_nadu,rti_meta,plain,en,no,templates/plain.txt,applications/RA1/TN-529.txt,10,30
TN-539,RA1,Tamil Nadu,"GOVERNMENT LAW COLLEGE,NAMAKKAL.",LAW DEPARTMENT,Sub Office,bd57bd4a18598f5b,rti_tamil_nadu,rti_meta,legal_salience,en,no,templates/legal_salience.txt,applications/RA1/TN-539.txt,10,30
TN-540,RA1,Tamil Nadu,"GOVERNMENT LAW COLLEGE,THENI.",LAW DEPARTMENT,Sub Office,aa830ec4439d48ec,rti_tamil_nadu,rti_meta,plain,en,no,templates/plain.txt,applications/RA1/TN-540.txt,10,30
TN-545,RA1,Tamil Nadu,"MICRO, SMALL AND MEDIUM ENTERPRISES DEPARTMENT","MICRO, SMALL AND MEDIUM ENTERPRISES DEPARTMENT",Department,614ac6806265821c,rti_tamil_nadu,rti_meta,plain,en,no,templates/plain.txt,applications/RA1/TN-545.txt,10,30
TN-550,RA1,Tamil Nadu,CENTRAL ELECTRICAL TESTING LABORATORY AT KAKKALUR,"MICRO, SMALL AND MEDIUM ENTERPRISES DEPARTMENT",Sub Office,8b869e20a7e4bdd8,rti_tamil_nadu,rti_meta,plain,en,no,templates/plain.txt,applications/RA1/TN-550.txt,10,30
TN-554,RA1,Tamil Nadu,DISTRICT INDUSTRIES CENTRE AT DHARMAPURI,"MICRO, SMALL AND MEDIUM ENTERPRISES DEPARTMENT",Sub Office,e0ee327b9da5f9bc,rti_tamil_nadu,rti_meta,plain,en,no,templates/plain.txt,applications/RA1/TN-554.txt,10,30
TN-558,RA1,Tamil Nadu,DISTRICT INDUSTRIES CENTRE AT NILGIRIS,"MICRO, SMALL AND MEDIUM ENTERPRISES DEPARTMENT",Sub Office,81c1e680d7862dce,rti_tamil_nadu,rti_meta,plain,en,no,templates/plain.txt,applications/RA1/TN-558.txt,10,30
TN-560,RA1,Tamil Nadu,DISTRICT INDUSTRIES CENTRE AT RAMANATHAPURAM,"MICRO, SMALL AND MEDIUM ENTERPRISES DEPARTMENT",Sub Office,40e4ade6a7db2b78,rti_tamil_nadu,rti_meta,legal_salience,en,no,templates/legal_salience.txt,applications/RA1/TN-560.txt,10,30
TN-562,RA1,Tamil Nadu,DISTRICT INDUSTRIES CENTRE AT THE NILGIRIS (IC WING TEA),"MICRO, SMALL AND MEDIUM ENTERPRISES DEPARTMENT",Sub Office,17aeeb1c559e4c23,rti_tamil_nadu,rti_meta,plain,en,no,templates/plain.txt,applications/RA1/TN-562.txt,10,30
TN-569,RA1,Tamil Nadu,REGIONAL TESTING LABORATORY AT COIMBATORE,"MICRO, SMALL AND MEDIUM ENTERPRISES DEPARTMENT",Sub Office,bd222e87616699e7,rti_tamil_nadu,rti_meta,legal_salience,en,no,templates/legal_salience.txt,applications/RA1/TN-569.txt,10,30
TN-573,RA1,Tamil Nadu,GREATER CHENNAI CORPORATION,MUNICIPAL ADMINISTRATION AND WATER SUPPLIES DEPARTMENT,Head of Department,d178178141e419a5,rti_tamil_nadu,rti_meta,plain,en,no,templates/plain.txt,applications/RA1/TN-573.txt,10,30
TN-577,RA1,Tamil Nadu,CHENNAI METROPOLITAN WATER SUPPLY AND SEWERAGE BOARD / ZONE -12/ ALANDUR,MUNICIPAL ADMINISTRATION AND WATER SUPPLIES DEPARTMENT,Sub Office,a3be5776714e7a93,rti_tamil_nadu,rti_meta,plain,en,no,templates/plain.txt,applications/RA1/TN-577.txt,10,30
TN-578,RA1,Tamil Nadu,CUDDALORE CITY MUNICIPAL CORPORATION.,MUNICIPAL ADMINISTRATION AND WATER SUPPLIES DEPARTMENT,Sub Office,1c4a6018da2dca37,rti_tamil_nadu,rti_meta,legal_salience,en,no,templates/legal_salience.txt,applications/RA1/TN-578.txt,10,30
TN-582,RA1,Tamil Nadu,ARACHALUR TOWN PANCHAYAT,MUNICIPAL ADMINISTRATION AND WATER SUPPLIES DEPARTMENT,Sub Office,c8a528dd9b02eebf,rti_tamil_nadu,rti_meta,legal_salience,en,no,templates/legal_salience.txt,applications/RA1/TN-582.txt,10,30
TN-587,RA1,Tamil Nadu,KAVERIPATTINAM TOWN PANCHAYAT,MUNICIPAL ADMINISTRATION AND WATER SUPPLIES DEPARTMENT,Sub Office,074887c3e9669f39,rti_tamil_nadu,rti_meta,plain,en,no,templates/plain.txt,applications/RA1/TN-587.txt,10,30
TN-588,RA1,Tamil Nadu,KEERAMANGALAM TOWNPANCHAYAT,MUNICIPAL ADMINISTRATION AND WATER SUPPLIES DEPARTMENT,Sub Office,ce69ba34e71cfba2,rti_tamil_nadu,rti_meta,plain,en,no,templates/plain.txt,applications/RA1/TN-588.txt,10,30
TN-592,RA1,Tamil Nadu,MECHERI TOWN PANCHAYAT,MUNICIPAL ADMINISTRATION AND WATER SUPPLIES DEPARTMENT,Sub Office,f4dc6a07f3ddc4a5,rti_tamil_nadu,rti_meta,plain,en,no,templates/plain.txt,applications/RA1/TN-592.txt,10,30
TN-599,RA1,Tamil Nadu,"TAMIL NADU WATER SUPPLY AND DRAINAGE BOARD, RURAL WATER SUPPLY DIVISION, KARUR",MUNICIPAL ADMINISTRATION AND WATER SUPPLIES DEPARTMENT,Sub Office,7b75bff60a958902,rti_tamil_nadu,rti_meta,plain,en,no,templates/plain.txt,applications/RA1/TN-599.txt,10,30
TN-604,RA1,Tamil Nadu,"TAMIL NADU MAGNESITE LIMITED (TANMAG), SALEM",NATURAL RESOURCES DEPARTMENT,Head of Department,62a2f40dc6d5db98,rti_tamil_nadu,rti_meta,legal_salience,en,no,templates/legal_salience.txt,applications/RA1/TN-604.txt,10,30
TN-610,RA1,Tamil Nadu,"SPECIAL AREA DEVELOPMENT PROGRAMME (SADP), THE NILGIRIS","PLANNING, DEVELOPMENT AND SPECIAL INITIATIVES DEPARTMENT",Head of Department,143c92640799e35b,rti_tamil_nadu,rti_meta,plain,en,no,templates/plain.txt,applications/RA1/TN-610.txt,10,30
TN-613,RA1,Tamil Nadu,PROHIBITION AND EXCISE DEPARTMENT,PROHIBITION AND EXCISE DEPARTMENT,Department,5e0d6be05825075b,rti_tamil_nadu,rti_meta,plain,en,no,templates/plain.txt,applications/RA1/TN-613.txt,10,30
TN-621,RA1,Tamil Nadu,"ASSISTANT COMMISSIONER (EXCISE), NAGAPATTINAM",PROHIBITION AND EXCISE DEPARTMENT,Sub Office,e5aa109d0e771b36,rti_tamil_nadu,rti_meta,plain,en,no,templates/plain.txt,applications/RA1/TN-621.txt,10,30
TN-626,RA1,Tamil Nadu,"ASSISTANT COMMISSIONER (EXCISE), TIRUPATHUR",PROHIBITION AND EXCISE DEPARTMENT,Sub Office,3a3ff63101fccaa7,rti_tamil_nadu,rti_meta,legal_salience,en,no,templates/legal_salience.txt,applications/RA1/TN-626.txt,10,30
TN-627,RA1,Tamil Nadu,"DEPUTY COMMISSIONER (EXCISE) OFFICE, COIMBATORE",PROHIBITION AND EXCISE DEPARTMENT,Sub Office,45163a0e50be98cd,rti_tamil_nadu,rti_meta,plain,en,no,templates/plain.txt,applications/RA1/TN-627.txt,10,30
TN-634,RA1,Tamil Nadu,"TASMAC, TIRUVALLUR (EAST)",PROHIBITION AND EXCISE DEPARTMENT,Sub Office,7a7b3dd5182b0dc6,rti_tamil_nadu,rti_meta,plain,en,no,templates/plain.txt,applications/RA1/TN-634.txt,10,30
TN-635,RA1,Tamil Nadu,"TASMAC, TRICHY",PROHIBITION AND EXCISE DEPARTMENT,Sub Office,d97ce13237bd11c1,rti_tamil_nadu,rti_meta,legal_salience,en,no,templates/legal_salience.txt,applications/RA1/TN-635.txt,10,30
TN-636,RA1,Tamil Nadu,PUBLIC DEPARTMENT,PUBLIC DEPARTMENT,Department,5b9030bba967bb48,rti_tamil_nadu,rti_meta,plain,en,no,templates/plain.txt,applications/RA1/TN-636.txt,10,30
TN-642,RA1,Tamil Nadu,"EX SERVICEMEN WELFARE OFFICE, CUDDALORE",PUBLIC DEPARTMENT,Sub Office,160280bcf151c61a,rti_tamil_nadu,rti_meta,plain,en,no,templates/plain.txt,applications/RA1/TN-642.txt,10,30
TN-643,RA1,Tamil Nadu,"EX-SERVICEMEN'S WELFARE OFFICE, CHENNAI",PUBLIC DEPARTMENT,Sub Office,a6e73a018305e5da,rti_tamil_nadu,rti_meta,plain,en,no,templates/plain.txt,applications/RA1/TN-643.txt,10,30
TN-648,RA1,Tamil Nadu,"EX-SERVICEMEN'S WELFARE OFFICE, MADURAI",PUBLIC DEPARTMENT,Sub Office,00f083d4e2cfef46,rti_tamil_nadu,rti_meta,legal_salience,en,no,templates/legal_salience.txt,applications/RA1/TN-648.txt,10,30
TN-655,RA1,Tamil Nadu,"EX-SERVICEMEN'S WELFARE OFFICE, TIRUPPUR",PUBLIC DEPARTMENT,Sub Office,7963c2d4f74cd847,rti_tamil_nadu,rti_meta,plain,en,no,templates/plain.txt,applications/RA1/TN-655.txt,10,30
TN-656,RA1,Tamil Nadu,"EX-SERVICEMEN'S WELFARE OFFICE, TIRUVALLUR",PUBLIC DEPARTMENT,Sub Office,33988902d2fc59e7,rti_tamil_nadu,rti_meta,legal_salience,en,no,templates/legal_salience.txt,applications/RA1/TN-656.txt,10,30
TN-660,RA1,Tamil Nadu,EXSERVICEMAN WELFARE OFFICE - COIMBATORE DIST,PUBLIC DEPARTMENT,Sub Office,3673dd46ac3eaefd,rti_tamil_nadu,rti_meta,plain,en,no,templates/plain.txt,applications/RA1/TN-660.txt,10,30
TN-669,RA1,Tamil Nadu,"EXECUTIVE ENGINEER (ELECT.), PUBLIC WORKS DEPARTMENT, SIVAGANGAI",PUBLIC WORKS DEPARTMENT,Sub Office,46b8c413ffb5dffe,rti_tamil_nadu,rti_meta,plain,en,no,templates/plain.txt,applications/RA1/TN-669.txt,10,30
TN-673,RA1,Tamil Nadu,"EXECUTIVE ENGINEER, PUBLIC WORKS DEPARTMENT, COIMBATORE",PUBLIC WORKS DEPARTMENT,Sub Office,0116382c0ace3fcf,rti_tamil_nadu,rti_meta,plain,en,no,templates/plain.txt,applications/RA1/TN-673.txt,10,30
TN-674,RA1,Tamil Nadu,"EXECUTIVE ENGINEER, PUBLIC WORKS DEPARTMENT, NAGAPATTINAM",PUBLIC WORKS DEPARTMENT,Sub Office,bfc592eaec6b125e,rti_tamil_nadu,rti_meta,legal_salience,en,no,templates/legal_salience.txt,applications/RA1/TN-674.txt,10,30
TN-676,RA1,Tamil Nadu,"EXECUTIVE ENGINEER, PUBLIC WORKS DEPARTMENT, UDHAGAMANDALAM",PUBLIC WORKS DEPARTMENT,Sub Office,40f95b42cf4b5007,rti_tamil_nadu,rti_meta,plain,en,no,templates/plain.txt,applications/RA1/TN-676.txt,10,30
TN-679,RA1,Tamil Nadu,"SUPERINTENDING ENGINEER, PUBLIC WORKS DEPARTMENT, CHENNAI",PUBLIC WORKS DEPARTMENT,Sub Office,d5df39c65ab7e595,rti_tamil_nadu,rti_meta,plain,en,no,templates/plain.txt,applications/RA1/TN-679.txt,10,30
TN-685,RA1,Tamil Nadu,COMMISSIONER OF REVENUE ADMINISTRATION,REVENUE AND DISASTER MANAGEMENT DEPARTMENT,Head of Department,83b92fbd5c49a40d,rti_tamil_nadu,rti_meta,plain,en,no,templates/plain.txt,applications/RA1/TN-685.txt,10,30
TN-698,RA1,Tamil Nadu,TALUK OFFICE PARAMAKUDI,REVENUE AND DISASTER MANAGEMENT DEPARTMENT,Sub Office,db4ffd15dd205c7e,rti_tamil_nadu,rti_meta,plain,en,no,templates/plain.txt,applications/RA1/TN-698.txt,10,30
TN-699,RA1,Tamil Nadu,"TALUK SUPPLY OFFICE, GUDALUR",REVENUE AND DISASTER MANAGEMENT DEPARTMENT,Sub Office,b930d191508f8dfd,rti_tamil_nadu,rti_meta,plain,en,no,templates/plain.txt,applications/RA1/TN-699.txt,10,30
TN-700,RA1,Tamil Nadu,TNHB- COIMBATORE HOUSING UNIT,REVENUE AND DISASTER MANAGEMENT DEPARTMENT,Sub Office,4c35568fbb1ebe05,rti_tamil_nadu,rti_meta,plain,en,no,templates/plain.txt,applications/RA1/TN-700.txt,10,30
TN-703,RA1,Tamil Nadu,"TALUK OFFICE ,TIRUCHENDUR",REVENUE AND DISASTER MANAGEMENT DEPARTMENT,Sub Office,acfb2dc242ed8fd7,rti_tamil_nadu,rti_meta,legal_salience,en,no,templates/legal_salience.txt,applications/RA1/TN-703.txt,10,30
TN-704,RA1,Tamil Nadu,"TALUK OFFICE THIRUPPATHUR ,SIVAGANGAI DISTRICT",REVENUE AND DISASTER MANAGEMENT DEPARTMENT,Sub Office,352ee1fe18b9d19d,rti_tamil_nadu,rti_meta,legal_salience,en,no,templates/legal_salience.txt,applications/RA1/TN-704.txt,10,30
TN-708,RA1,Tamil Nadu,"TALUK OFFICE, PALACODE",REVENUE AND DISASTER MANAGEMENT DEPARTMENT,Sub Office,20b3135fd763b63f,rti_tamil_nadu,rti_meta,plain,en,no,templates/plain.txt,applications/RA1/TN-708.txt,10,30
TN-715,RA1,Tamil Nadu,TAMIL NADU STATE ELECTION COMMISSION,RURAL DEVELOPMENT AND PANCHAYAT RAJ DEPARTMENT,Head of Department,bb3b675bd42c657a,rti_tamil_nadu,rti_meta,plain,en,no,templates/plain.txt,applications/RA1/TN-715.txt,10,30
TN-725,RA1,Tamil Nadu,BLOCK DEVELOPMENT OFFICE (GENERAL) (MERKANAM),RURAL DEVELOPMENT AND PANCHAYAT RAJ DEPARTMENT,Sub Office,00fa307f05deacb0,rti_tamil_nadu,rti_meta,plain,en,no,templates/plain.txt,applications/RA1/TN-725.txt,10,30
TN-727,RA1,Tamil Nadu,BLOCK DEVELOPMENT OFFICE (KALAYARKOIL)(PANCHAYAT),RURAL DEVELOPMENT AND PANCHAYAT RAJ DEPARTMENT,Sub Office,b115bb43755333cd,rti_tamil_nadu,rti_meta,legal_salience,en,no,templates/legal_salience.txt,applications/RA1/TN-727.txt,10,30
TN-728,RA1,Tamil Nadu,BLOCK DEVELOPMENT OFFICE (KANNANGUDI)(PANCHAYAT),RURAL DEVELOPMENT AND PANCHAYAT RAJ DEPARTMENT,Sub Office,ad71717b32fcaba4,rti_tamil_nadu,rti_meta,plain,en,no,templates/plain.txt,applications/RA1/TN-728.txt,10,30
TN-730,RA1,Tamil Nadu,BLOCK DEVELOPMENT OFFICE (PANCHAYAT) (BARGUR),RURAL DEVELOPMENT AND PANCHAYAT RAJ DEPARTMENT,Sub Office,f6cb92d1ebbe1835,rti_tamil_nadu,rti_meta,plain,en,no,templates/plain.txt,applications/RA1/TN-730.txt,10,30
TN-734,RA1,Tamil Nadu,BLOCK DEVELOPMENT OFFICE (PANCHAYAT) (VEMBAKKAM),RURAL DEVELOPMENT AND PANCHAYAT RAJ DEPARTMENT,Sub Office,f1abef1f605dd7c4,rti_tamil_nadu,rti_meta,plain,en,no,templates/plain.txt,applications/RA1/TN-734.txt,10,30
TN-737,RA1,Tamil Nadu,"BLOCK DEVELOPMENT OFFICE (VILLAGE PANCHAYAT), PARAMATHI, NAMAKKAL",RURAL DEVELOPMENT AND PANCHAYAT RAJ DEPARTMENT,Sub Office,65e49abcc66efff8,rti_tamil_nadu,rti_meta,legal_salience,en,no,templates/legal_salience.txt,applications/RA1/TN-737.txt,10,30
TN-741,RA1,Tamil Nadu,DISTRICT PANCHAYAT OFFICE (VILLUPURAM),RURAL DEVELOPMENT AND PANCHAYAT RAJ DEPARTMENT,Sub Office,665571127ed4ab19,rti_tamil_nadu,rti_meta,plain,en,no,templates/plain.txt,applications/RA1/TN-741.txt,10,30
TN-744,RA1,Tamil Nadu,DIRECTOR OF NON FORMAL AND ADULT EDUCATION,SCHOOL EDUCATION DEPARTMENT,Head of Department,18fd88e47612d50d,rti_tamil_nadu,rti_meta,legal_salience,en,no,templates/legal_salience.txt,applications/RA1/TN-744.txt,10,30
TN-745,RA1,Tamil Nadu,"DIRECTORATE OF PUBLIC LIBRARIES, CHENNAI",SCHOOL EDUCATION DEPARTMENT,Head of Department,fe581dc3a6faf51b,rti_tamil_nadu,rti_meta,plain,en,no,templates/plain.txt,applications/RA1/TN-745.txt,10,30
TN-754,RA1,Tamil Nadu,"ARIGNAR ANNA (AA) GOVERNMENT HIGHER SECONDARY SCHOOL, PACHAPERUMALPATTY",SCHOOL EDUCATION DEPARTMENT,Sub Office,74061918d7aa7214,rti_tamil_nadu,rti_meta,legal_salience,en,no,templates/legal_salience.txt,applications/RA1/TN-754.txt,10,30
TN-766,RA1,Tamil Nadu,GOVERNMENT HIGH SCHOOL PUDUKKADU GANDHINAGAR,SCHOOL EDUCATION DEPARTMENT,Sub Office,1b3a335f50fe7889,rti_tamil_nadu,rti_meta,plain,en,no,templates/plain.txt,applications/RA1/TN-766.txt,10,30
TN-767,RA1,Tamil Nadu,GOVERNMENT HIGH SCHOOL SENNAKUNAM,SCHOOL EDUCATION DEPARTMENT,Sub Office,4c67ea6bd1b34e68,rti_tamil_nadu,rti_meta,plain,en,no,templates/plain.txt,applications/RA1/TN-767.txt,10,30
TN-769,RA1,Tamil Nadu,GOVERNMENT HIGH SCHOOL VARAPPUR.,SCHOOL EDUCATION DEPARTMENT,Sub Office,749355f69af5ea43,rti_tamil_nadu,rti_meta,legal_salience,en,no,templates/legal_salience.txt,applications/RA1/TN-769.txt,10,30
TN-777,RA1,Tamil Nadu,"GOVERNMENT HIGH SCHOOL, THIRUKANDALAM",SCHOOL EDUCATION DEPARTMENT,Sub Office,50152e0d6853478b,rti_tamil_nadu,rti_meta,plain,en,no,templates/plain.txt,applications/RA1/TN-777.txt,10,30
TN-779,RA1,Tamil Nadu,"GOVERNMENT HIGH SCHOOL, VADAKKUTHITTAI",SCHOOL EDUCATION DEPARTMENT,Sub Office,d85868b215b7476b,rti_tamil_nadu,rti_meta,plain,en,no,templates/plain.txt,applications/RA1/TN-779.txt,10,30
TN-780,RA1,Tamil Nadu,"GOVERNMENT HIGH SCHOOL, VALASAIPATTI",SCHOOL EDUCATION DEPARTMENT,Sub Office,a572cec344cf0980,rti_tamil_nadu,rti_meta,legal_salience,en,no,templates/legal_salience.txt,applications/RA1/TN-780.txt,10,30
TN-784,RA1,Tamil Nadu,"GOVERNMENT HIGH SCHOOL, VETTUKKULAM",SCHOOL EDUCATION DEPARTMENT,Sub Office,02335ec1c66d4e91,rti_tamil_nadu,rti_meta,plain,en,no,templates/plain.txt,applications/RA1/TN-784.txt,10,30
TN-787,RA1,Tamil Nadu,GOVERNMENT HIGHER SECONDARY SCHOOL -PERUMAGALUR,SCHOOL EDUCATION DEPARTMENT,Sub Office,38f3e8f6cdc4f09e,rti_tamil_nadu,rti_meta,legal_salience,en,no,templates/legal_salience.txt,applications/RA1/TN-787.txt,10,30
TN-788,RA1,Tamil Nadu,GOVERNMENT HIGHER SECONDARY SCHOOL ATHIYURTHIRUKKAI,SCHOOL EDUCATION DEPARTMENT,Sub Office,30d7a9f1faf03a39,rti_tamil_nadu,rti_meta,plain,en,no,templates/plain.txt,applications/RA1/TN-788.txt,10,30
TN-789,RA1,Tamil Nadu,GOVERNMENT HIGHER SECONDARY SCHOOL ILLUPPUR,SCHOOL EDUCATION DEPARTMENT,Sub Office,5508c1cee2071812,rti_tamil_nadu,rti_meta,plain,en,no,templates/plain.txt,applications/RA1/TN-789.txt,10,30
TN-794,RA1,Tamil Nadu,GOVERNMENT HIGHER SECONDARY SCHOOL VELLALAPATTI,SCHOOL EDUCATION DEPARTMENT,Sub Office,1111267b197f423b,rti_tamil_nadu,rti_meta,legal_salience,en,no,templates/legal_salience.txt,applications/RA1/TN-794.txt,10,30
TN-795,RA1,Tamil Nadu,GOVERNMENT HIGHER SECONDARY SCHOOL(B)CHATRAPATTI,SCHOOL EDUCATION DEPARTMENT,Sub Office,7fac5ccd429e2347,rti_tamil_nadu,rti_meta,plain,en,no,templates/plain.txt,applications/RA1/TN-795.txt,10,30
TN-802,RA1,Tamil Nadu,"GOVERNMENT HIGHER SECONDARY SCHOOL, JAKKASAMUDRAM",SCHOOL EDUCATION DEPARTMENT,Sub Office,f5b39844313fe33c,rti_tamil_nadu,rti_meta,legal_salience,en,no,templates/legal_salience.txt,applications/RA1/TN-802.txt,10,30
TN-805,RA1,Tamil Nadu,"GOVERNMENT HIGHER SECONDARY SCHOOL, KASIPALAYAM (GOBI)",SCHOOL EDUCATION DEPARTMENT,Sub Office,701242e82ee82be1,rti_tamil_nadu,rti_meta,plain,en,no,templates/plain.txt,applications/RA1/TN-805.txt,10,30
TN-810,RA1,Tamil Nadu,"GOVERNMENT HIGHER SECONDARY SCHOOL, THENGAPATTANAM",SCHOOL EDUCATION DEPARTMENT,Sub Office,32cafb3de330ca65,rti_tamil_nadu,rti_meta,plain,en,no,templates/plain.txt,applications/RA1/TN-810.txt,10,30
TN-819,RA1,Tamil Nadu,"GOVERNMENT.HIGH SCHOOL, RAMALINGAPURAM",SCHOOL EDUCATION DEPARTMENT,Sub Office,5bf2cc12b13c2f40,rti_tamil_nadu,rti_meta,plain,en,no,templates/plain.txt,applications/RA1/TN-819.txt,10,30
TN-820,RA1,Tamil Nadu,"GOVT. HIGHER SECONDARY SCHOOL, SATHAMBADI (B)",SCHOOL EDUCATION DEPARTMENT,Sub Office,10972640669a3e63,rti_tamil_nadu,rti_meta,plain,en,no,templates/plain.txt,applications/RA1/TN-820.txt,10,30
TN-822,RA1,Tamil Nadu,"MPL GIRLS HIGHER SECONDARY SCHOOL, CUMBUM",SCHOOL EDUCATION DEPARTMENT,Sub Office,3686fab3226b5624,rti_tamil_nadu,rti_meta,plain,en,no,templates/plain.txt,applications/RA1/TN-822.txt,10,30
TN-823,RA1,Tamil Nadu,"MUNICIPAL GIRLS GOVERNMENT MODEL HIGHER SECONDARY SCHOOL, TIRUVANNAMALAI",SCHOOL EDUCATION DEPARTMENT,Sub Office,e899f903126d1ba3,rti_tamil_nadu,rti_meta,legal_salience,en,no,templates/legal_salience.txt,applications/RA1/TN-823.txt,10,30
TN-828,RA1,Tamil Nadu,"SARAH TUCKER HIGHER SECONDARY SCHOOL FOR GIRLS, PALAYAMKOTTAI",SCHOOL EDUCATION DEPARTMENT,Sub Office,2128919fe3f35286,rti_tamil_nadu,rti_meta,plain,en,no,templates/plain.txt,applications/RA1/TN-828.txt,10,30
TN-832,RA1,Tamil Nadu,"ST. ANTONY'S R.C. HIGH SCHOOL, SENGALANEERMALAI",SCHOOL EDUCATION DEPARTMENT,Sub Office,100a9f758b9e3751,rti_tamil_nadu,rti_meta,plain,en,no,templates/plain.txt,applications/RA1/TN-832.txt,10,30
TN-834,RA1,Tamil Nadu,"ST. IGNATIUS CONVERT HIGHER SECONDARY SCHOOL, PALAYAMKOTTAI",SCHOOL EDUCATION DEPARTMENT,Sub Office,137b332f9ee2b900,rti_tamil_nadu,rti_meta,plain,en,no,templates/plain.txt,applications/RA1/TN-834.txt,10,30
TN-843,RA1,Tamil Nadu,SOCIAL WELFARE AND WOMEN EMPOWERMENT DEPARTMENT,SOCIAL WELFARE AND WOMEN EMPOWERMENT DEPARTMENT,Department,673fec854f7b9992,rti_tamil_nadu,rti_meta,plain,en,no,templates/plain.txt,applications/RA1/TN-843.txt,10,30
TN-848,RA1,Tamil Nadu,"DISTRICT PROGRAMME OFFICE,MADURAI",SOCIAL WELFARE AND WOMEN EMPOWERMENT DEPARTMENT,Sub Office,88e711da0ec3ac5f,rti_tamil_nadu,rti_meta,legal_salience,en,no,templates/legal_salience.txt,applications/RA1/TN-848.txt,10,30
TN-849,RA1,Tamil Nadu,"DISTRICT PROGRAMME OFFICE,THANJAVUR",SOCIAL WELFARE AND WOMEN EMPOWERMENT DEPARTMENT,Sub Office,14bfe74971c3f48a,rti_tamil_nadu,rti_meta,plain,en,no,templates/plain.txt,applications/RA1/TN-849.txt,10,30
TN-850,RA1,Tamil Nadu,"DISTRICT PROGRAMME OFFICE,VELLORE",SOCIAL WELFARE AND WOMEN EMPOWERMENT DEPARTMENT,Sub Office,fb7b318af513ac50,rti_tamil_nadu,rti_meta,plain,en,no,templates/plain.txt,applications/RA1/TN-850.txt,10,30
TN-857,RA1,Tamil Nadu,"CHILD DEVELOPMENT PROJECT OFFICE, KANCHIPURAM (URBAN)",SOCIAL WELFARE AND WOMEN EMPOWERMENT DEPARTMENT,Sub Office,eab243dc3d6997f2,rti_tamil_nadu,rti_meta,plain,en,no,templates/plain.txt,applications/RA1/TN-857.txt,10,30
TN-859,RA1,Tamil Nadu,"CHILD DEVELOPMENT PROJECT OFFICE, KURUVIKULAM",SOCIAL WELFARE AND WOMEN EMPOWERMENT DEPARTMENT,Sub Office,19ac8a2d22bc6ef0,rti_tamil_nadu,rti_meta,legal_salience,en,no,templates/legal_salience.txt,applications/RA1/TN-859.txt,10,30
TN-860,RA1,Tamil Nadu,"CHILD DEVELOPMENT PROJECT OFFICE, MODAKKURIHICHI",SOCIAL WELFARE AND WOMEN EMPOWERMENT DEPARTMENT,Sub Office,d4733165912c2d82,rti_tamil_nadu,rti_meta,plain,en,no,templates/plain.txt,applications/RA1/TN-860.txt,10,30
TN-871,RA1,Tamil Nadu,SPECIAL PROGRAMMES IMPLEMENTATION DEPARTMENT,SPECIAL PROGRAMMES IMPLEMENTATION DEPARTMENT,Department,f2f3bb8eb2ed925c,rti_tamil_nadu,rti_meta,plain,en,no,templates/plain.txt,applications/RA1/TN-871.txt,10,30
TN-878,RA1,Tamil Nadu,TAMIL DEVELOPMENT DEPARTMENT,TAMIL DEVELOPMENT AND INFORMATION DEPARTMENT,Head of Department,f0060e8e7c05f00a,rti_tamil_nadu,rti_meta,plain,en,no,templates/plain.txt,applications/RA1/TN-878.txt,10,30
TN-880,RA1,Tamil Nadu,"GOVERNMENT BRANCH PRESS, TIRUPPUR",TAMIL DEVELOPMENT AND INFORMATION DEPARTMENT,Sub Office,7081a5e5c46dc73d,rti_tamil_nadu,rti_meta,plain,en,no,templates/plain.txt,applications/RA1/TN-880.txt,10,30
TN-881,RA1,Tamil Nadu,"GOVERNMENT BRANCH PRESS,, MADURAI",TAMIL DEVELOPMENT AND INFORMATION DEPARTMENT,Sub Office,c59f5468c0427794,rti_tamil_nadu,rti_meta,plain,en,no,templates/plain.txt,applications/RA1/TN-881.txt,10,30
TN-886,RA1,Tamil Nadu,"O/O, ASSISTANT DIRECTOR, TAMIL DEVELOPMENT DEPARTMENT, ARIYALUR",TAMIL DEVELOPMENT AND INFORMATION DEPARTMENT,Sub Office,03cf7ede480f92ae,rti_tamil_nadu,rti_meta,legal_salience,en,no,templates/legal_salience.txt,applications/RA1/TN-886.txt,10,30
TN-894,RA1,Tamil Nadu,"O/O, ASSISTANT DIRECTOR, TAMIL DEVELOPMENT DEPARTMENT,PERAMBALUR-",TAMIL DEVELOPMENT AND INFORMATION DEPARTMENT,Sub Office,a8c8498f0d0a2024,rti_tamil_nadu,rti_meta,plain,en,no,templates/plain.txt,applications/RA1/TN-894.txt,10,30
TN-896,RA1,Tamil Nadu,"O/O, DEPUTY DIRECTOR, TAMIL DEVELOPMENT DEPARTMENT, COIMBATORE",TAMIL DEVELOPMENT AND INFORMATION DEPARTMENT,Sub Office,60a34a2684094848,rti_tamil_nadu,rti_meta,plain,en,no,templates/plain.txt,applications/RA1/TN-896.txt,10,30
TN-897,RA1,Tamil Nadu,"O/O, DEPUTY DIRECTOR, TAMIL DEVELOPMENT DEPARTMENT, SALEM",TAMIL DEVELOPMENT AND INFORMATION DEPARTMENT,Sub Office,bb8fb66af08bbcec,rti_tamil_nadu,rti_meta,legal_salience,en,no,templates/legal_salience.txt,applications/RA1/TN-897.txt,10,30
TN-903,RA1,Tamil Nadu,TAMILNADU TOURISM DEVELOPMENT CORPORATION (HEAD OFFICE),"TOURISM, CULTURE AND RELIGIOUS ENDOWMENTS DEPARTMENT",Head of Department,a9c2ae00c1aabaa6,rti_tamil_nadu,rti_meta,plain,en,no,templates/plain.txt,applications/RA1/TN-903.txt,10,30
TN-906,RA1,Tamil Nadu,"AC EO OFFICE,ARULMIGU NAGANATHA SWAMY TEMPLE, THIRUNAGESWARAM","TOURISM, CULTURE AND RELIGIOUS ENDOWMENTS DEPARTMENT",Sub Office,3ea70dd96909d8db,rti_tamil_nadu,rti_meta,plain,en,no,templates/plain.txt,applications/RA1/TN-906.txt,10,30
TN-910,RA1,Tamil Nadu,"DEPARTMENT OF ARCHAEOLOGY, SUB OFFICE, RAMANATHAPURAM","TOURISM, CULTURE AND RELIGIOUS ENDOWMENTS DEPARTMENT",Sub Office,bc61d05d30d5ad40,rti_tamil_nadu,rti_meta,plain,en,no,templates/plain.txt,applications/RA1/TN-910.txt,10,30
TN-919,RA1,Tamil Nadu,"H.R.&.C.E. DEPARTMENT, ASSISTANT COMMISSIONER OFFICE, THIRUVANNAMALAI","TOURISM, CULTURE AND RELIGIOUS ENDOWMENTS DEPARTMENT",Sub Office,27f1e1ba68be2de2,rti_tamil_nadu,rti_meta,legal_salience,en,no,templates/legal_salience.txt,applications/RA1/TN-919.txt,10,30
TN-920,RA1,Tamil Nadu,"H.R.&.C.E. DEPARTMENT, ASSISTANT COMMISSIONER OFFICE, VIRUDHUNAGAR","TOURISM, CULTURE AND RELIGIOUS ENDOWMENTS DEPARTMENT",Sub Office,1b2d129141ddc9fc,rti_tamil_nadu,rti_meta,plain,en,no,templates/plain.txt,applications/RA1/TN-920.txt,10,30
TN-926,RA1,Tamil Nadu,TRANSPORT DEPARTMENT,TRANSPORT DEPARTMENT,Department,ca2281d5e9406c98,rti_tamil_nadu,rti_meta,plain,en,no,templates/plain.txt,applications/RA1/TN-926.txt,10,30
TN-927,RA1,Tamil Nadu,"METROPOLITAN TRANSPORT CORPORATION (MTC), CHENNAI",TRANSPORT DEPARTMENT,Head of Department,41238885bde51a16,rti_tamil_nadu,rti_meta,legal_salience,en,no,templates/legal_salience.txt,applications/RA1/TN-927.txt,10,30
TN-939,RA1,Tamil Nadu,"GOVT. AUTOMOBILE WORKSHOP, TUTICORIN",TRANSPORT DEPARTMENT,Sub Office,0d41994bd55e87ef,rti_tamil_nadu,rti_meta,plain,en,no,templates/plain.txt,applications/RA1/TN-939.txt,10,30
TN-941,RA1,Tamil Nadu,NAGAPATTINAM REGION TNSTC,TRANSPORT DEPARTMENT,Sub Office,b7bef7e16ee2571b,rti_tamil_nadu,rti_meta,legal_salience,en,no,templates/legal_salience.txt,applications/RA1/TN-941.txt,10,30
TN-942,RA1,Tamil Nadu,PUDUKOTTAI REGION TNSTC,TRANSPORT DEPARTMENT,Sub Office,a34b96261ace5c91,rti_tamil_nadu,rti_meta,plain,en,no,templates/plain.txt,applications/RA1/TN-942.txt,10,30
TN-948,RA1,Tamil Nadu,TNSTC- VILLUPURAM (TIRUVANNAMALAI REGION),TRANSPORT DEPARTMENT,Sub Office,1b8b28c2a902aa0a,rti_tamil_nadu,rti_meta,plain,en,no,templates/plain.txt,applications/RA1/TN-948.txt,10,30
TN-949,RA1,Tamil Nadu,TNSTC-VILLUPURAM (VILLUPURAM REGION),TRANSPORT DEPARTMENT,Sub Office,e52478d877c2c177,rti_tamil_nadu,rti_meta,plain,en,no,templates/plain.txt,applications/RA1/TN-949.txt,10,30
TN-953,RA1,Tamil Nadu,"ENGINEER-IN-CHIEF AND CHIEF ENGINEER(G), WRD, CHEPAUK, CHENNAI",WATER RESOURCES DEPARTMENT,Head of Department,072773bb9c816908,rti_tamil_nadu,rti_meta,plain,en,no,templates/plain.txt,applications/RA1/TN-953.txt,10,30
TN-956,RA1,Tamil Nadu,"MINING AND MONITORING CIRCLE, WRD, CHEPAUK, CHENNAI",WATER RESOURCES DEPARTMENT,Sub Office,031d67160b8ad1dc,rti_tamil_nadu,rti_meta,plain,en,no,templates/plain.txt,applications/RA1/TN-956.txt,10,30
TN-961,RA1,Tamil Nadu,"GROUNDWATER DIVISION, WRD, VELLORE",WATER RESOURCES DEPARTMENT,Sub Office,319f851d7ae78e0c,rti_tamil_nadu,rti_meta,plain,en,no,templates/plain.txt,applications/RA1/TN-961.txt,10,30
TN-967,RA1,Tamil Nadu,"SPECIAL PROJECT DIVISION, WRD, PUDUKKOTTAI",WATER RESOURCES DEPARTMENT,Sub Office,af964fb086965a46,rti_tamil_nadu,rti_meta,legal_salience,en,no,templates/legal_salience.txt,applications/RA1/TN-967.txt,10,30
TN-968,RA1,Tamil Nadu,"SPECIAL PROJECT DIVISION, WRD, TIRUNELVELI",WATER RESOURCES DEPARTMENT,Sub Office,19e82a3960d6cf99,rti_tamil_nadu,rti_meta,legal_salience,en,no,templates/legal_salience.txt,applications/RA1/TN-968.txt,10,30
TN-971,RA1,Tamil Nadu,"ENVIRONMENTAL CELL SUB DIVISION, WRD, MADURAI",WATER RESOURCES DEPARTMENT,Sub Office,9f2602c928e05e75,rti_tamil_nadu,rti_meta,plain,en,no,templates/plain.txt,applications/RA1/TN-971.txt,10,30
TN-976,RA1,Tamil Nadu,WELFARE OF DIFFERENTLY ABLED PERSONS DEPARTMENT,WELFARE OF DIFFERENTLY ABLED PERSONS DEPARTMENT,Department,c590011ff86c3615,rti_tamil_nadu,rti_meta,plain,en,no,templates/plain.txt,applications/RA1/TN-976.txt,10,30
TN-983,RA1,Tamil Nadu,"DISTRICT DIFFERENTLY ABLED WELFARE OFFICE, KARUR",WELFARE OF DIFFERENTLY ABLED PERSONS DEPARTMENT,Sub Office,9801050b7dee8551,rti_tamil_nadu,rti_meta,plain,en,no,templates/plain.txt,applications/RA1/TN-983.txt,10,30
TN-984,RA1,Tamil Nadu,"DISTRICT DIFFERENTLY ABLED WELFARE OFFICE, MADURAI",WELFARE OF DIFFERENTLY ABLED PERSONS DEPARTMENT,Sub Office,91a7bcab929e7d31,rti_tamil_nadu,rti_meta,plain,en,no,templates/plain.txt,applications/RA1/TN-984.txt,10,30
TN-988,RA1,Tamil Nadu,"DISTRICT DIFFERENTLY ABLED WELFARE OFFICE, PERAMBALUR",WELFARE OF DIFFERENTLY ABLED PERSONS DEPARTMENT,Sub Office,015d1fe1bde71ae4,rti_tamil_nadu,rti_meta,legal_salience,en,no,templates/legal_salience.txt,applications/RA1/TN-988.txt,10,30
TN-989,RA1,Tamil Nadu,"DISTRICT DIFFERENTLY ABLED WELFARE OFFICE, PUDUKOTTAI",WELFARE OF DIFFERENTLY ABLED PERSONS DEPARTMENT,Sub Office,dae18a7b6d5c3b84,rti_tamil_nadu,rti_meta,plain,en,no,templates/plain.txt,applications/RA1/TN-989.txt,10,30
TN-998,RA1,Tamil Nadu,"DISTRICT DIFFERENTLY ABLED WELFARE OFFICE, VIRUDHUNAGAR",WELFARE OF DIFFERENTLY ABLED PERSONS DEPARTMENT,Sub Office,76950ec64a6f11e8,rti_tamil_nadu,rti_meta,plain,en,no,templates/plain.txt,applications/RA1/TN-998.txt,10,30
TN-1000,RA1,Tamil Nadu,NATIONAL CADET CORPS,YOUTH WELFARE AND SPORTS DEVELOPMENT DEPARTMENT,Head of Department,9d4bf55082af493c,rti_tamil_nadu,rti_meta,legal_salience,en,no,templates/legal_salience.txt,applications/RA1/TN-1000.txt,10,30
TN-1003,RA1,Tamil Nadu,TAMIL NADU STATE NATIONAL SERVICE SCHEME CELL,YOUTH WELFARE AND SPORTS DEVELOPMENT DEPARTMENT,Head of Department,04febb45a4aeee04,rti_tamil_nadu,rti_meta,plain,en,no,templates/plain.txt,applications/RA1/TN-1003.txt,10,30
TN-1008,RA1,Tamil Nadu,"DISTRICT SPORTS AND YOUTH WELFARE OFFICE, RANIPET",YOUTH WELFARE AND SPORTS DEVELOPMENT DEPARTMENT,Sub Office,64b90d8dd1fe5dbd,rti_tamil_nadu,rti_meta,plain,en,no,templates/plain.txt,applications/RA1/TN-1008.txt,10,30
TN-1011,RA1,Tamil Nadu,"MAYOR RADHAKRISHNAN HOCKEY STADIUM, EGMORE, CHENNAI",YOUTH WELFARE AND SPORTS DEVELOPMENT DEPARTMENT,Sub Office,038d9ae67197fa5a,rti_tamil_nadu,rti_meta,legal_salience,en,no,templates/legal_salience.txt,applications/RA1/TN-1011.txt,10,30
TN-1017,RA1,Tamil Nadu,"SPORTS HOSTEL MANAGER,MADURAI",YOUTH WELFARE AND SPORTS DEVELOPMENT DEPARTMENT,Sub Office,e7095e1e8896dd43,rti_tamil_nadu,rti_meta,plain,en,no,templates/plain.txt,applications/RA1/TN-1017.txt,10,30
TN-1021,RA1,Tamil Nadu,"2 (TN) ARMD SQN NCC, TIRUCHIRAPPALLI",YOUTH WELFARE AND SPORTS DEVELOPMENT DEPARTMENT,Sub Office,e882fc54fd0f4221,rti_tamil_nadu,rti_meta,plain,en,no,templates/plain.txt,applications/RA1/TN-1021.txt,10,30
