application_id,batch_id,authority_id,state,department,topic,language,channel,template_version,filing_outcome,not_filed_reason,filing_date,registration_number,fee_paid_inr,payment_mode,payment_reference,evidence_url,screen_recording_url,due_date,filed_by,notes,source_row_id
DL-002,b2026q3_01,62b84ebee57d,Delhi,Chief Electoral Office,rti_meta,hi,portal,v2,,,,,,,,,,,,,
DL-003,b2026q3_01,fd7ff3377942,Delhi,Delhi State Election Commission,rti_meta,hi,portal,v2,,,,,,,,,,,,,
DL-004,b2026q3_01,94c3d7dc67d0,Delhi,East Delhi Municipal Corporation,rti_meta,hi,portal,v2,,,,,,,,,,,,,
DL-005,b2026q3_01,f9e229663995,Delhi,Municipal Corporation of Delhi,rti_meta,hi,portal,v2,,,,,,,,,,,,,
DL-006,b2026q3_01,479c8a22d622,Delhi,North Delhi Municipal Corporation,rti_meta,hi,portal,v2,,,,,,,,,,,,,
DL-007,b2026q3_01,357a0cb0058a,Delhi,South Delhi Municipal Corporation,rti_meta,hi,portal,v2,,,,,,,,,,,,,
DL-008,b2026q3_01,42c3c49e8643,Delhi,Urban Development,rti_meta,hi,portal,v2,,,,,,,,,,,,,
KA-002,b2026q3_01,6bee698a527a,Karnataka,Ballari-Siruguppa-Rural Development and Panchayat Raj - RDPR(T.P),rti_meta,kn,portal,v2,,,,,,,,,,,,,
KA-003,b2026q3_01,1b25cf0b31ed,Karnataka,Belagavi-Raybag-Rural Development and Panchayat Raj - RDPR(T.P),rti_meta,kn,portal,v2,,,,,,,,,,,,,
KA-004,b2026q3_01,c70a4b7ec16a,Karnataka,Bengaluru Urban-BengaluruNorth-Rural Development and Panchayat Raj - RDPR(T.P),rti_meta,kn,portal,v2,,,,,,,,,,,,,
KA-005,b2026q3_01,31aa9aae1dd9,Karnataka,Chamarajanagar-Hanur-Rural Development and Panchayat Raj - RDPR(T.P),rti_meta,kn,portal,v2,,,,,,,,,,,,,
KA-006,b2026q3_01,294893a74262,Karnataka,Chikkaballapura-Gauribidanur-Rural Development and Panchayat Raj - RDPR(T.P),rti_meta,kn,portal,v2,,,,,,,,,,,,,
KA-007,b2026q3_01,f2e53cb066df,Karnataka,Chikkamagaluru-Narasimharajapura-Rural Development and Panchayat Raj - RDPR(T.P),rti_meta,kn,portal,v2,,,,,,,,,,,,,
KA-008,b2026q3_01,5a3a2d89b7b4,Karnataka,Chitradurga-Hiriyur-Rural Development and Panchayat Raj - RDPR(T.P),rti_meta,kn,portal,v2,,,,,,,,,,,,,
KA-009,b2026q3_01,f1e442c60c41,Karnataka,Chitradurga-Hosadurga-Rural Development and Panchayat Raj - RDPR(T.P),rti_meta,kn,portal,v2,,,,,,,,,,,,,
KA-010,b2026q3_01,7ad823468ce1,Karnataka,Chitradurga-Molakalmuru-Rural Development and Panchayat Raj - RDPR(T.P),rti_meta,kn,portal,v2,,,,,,,,,,,,,
KA-011,b2026q3_01,fba3557c84aa,Karnataka,Davanagere-Channagiri-Rural Development and Panchayat Raj - RDPR(T.P),rti_meta,kn,portal,v2,,,,,,,,,,,,,
KA-012,b2026q3_01,400ca23c8cf0,Karnataka,Davanagere-Davanagere-Rural Development and Panchayat Raj - RDPR(T.P),rti_meta,kn,portal,v2,,,,,,,,,,,,,
KA-013,b2026q3_01,c444fd4a9e8b,Karnataka,Dharwad-Hubballi-Rural Development and Panchayat Raj - RDPR(T.P),rti_meta,kn,portal,v2,,,,,,,,,,,,,
KA-014,b2026q3_01,1fe5c747494c,Karnataka,Gadag-Gadag-Rural Development and Panchayat Raj - RDPR(T.P),rti_meta,kn,portal,v2,,,,,,,,,,,,,
KA-015,b2026q3_01,2cd846967c7b,Karnataka,Haveri-Byadgi-Rural Development and Panchayat Raj-RDPR(T.P),rti_meta,kn,portal,v2,,,,,,,,,,,,,
KA-016,b2026q3_01,ede5d1bfae46,Karnataka,Haveri-Rural Development and Panchayat Raj - RDPR(Z.P),rti_meta,kn,portal,v2,,,,,,,,,,,,,
KA-017,b2026q3_01,818c91afeaf0,Karnataka,Kalaburagi-Kalagi-Rural Development and Panchayat Raj-RDPR(T.P),rti_meta,kn,portal,v2,,,,,,,,,,,,,
KA-018,b2026q3_01,cd45def0ae34,Karnataka,Kalaburagi-Shahbad-Rural Development and Panchayat Raj-RDPR(T.P),rti_meta,kn,portal,v2,,,,,,,,,,,,,
KA-019,b2026q3_01,70c54ea20457,Karnataka,Kalaburagi-Urban Development Cell - DUDC,rti_meta,kn,portal,v2,,,,,,,,,,,,,
KA-020,b2026q3_01,74ba916bbe70,Karnataka,Kodagu-Rural Development and Panchayat Raj-RDPR(Z.P),rti_meta,kn,portal,v2,,,,,,,,,,,,,
KA-021,b2026q3_01,b0e67b7c1a20,Karnataka,Koppal-Kanakagiri-Rural Development and Panchayat Raj-RDPR(T.P),rti_meta,kn,portal,v2,,,,,,,,,,,,,
KA-022,b2026q3_01,bbd4d253ff20,Karnataka,Mandya-Urban Development Cell - DUDC,rti_meta,kn,portal,v2,,,,,,,,,,,,,
KA-023,b2026q3_01,16a5f393b4d9,Karnataka,Tumakuru-Gubbi-Rural Development and Panchayat Raj-RDPR(T.P),rti_meta,kn,portal,v2,,,,,,,,,,,,,
KA-024,b2026q3_01,0957ff532f90,Karnataka,Tumakuru-Urban Development Cell - DUDC,rti_meta,kn,portal,v2,,,,,,,,,,,,,
KA-025,b2026q3_01,278390677155,Karnataka,Udupi-Kundapura-Rural Development and Panchayat Raj-RDPR(T.P),rti_meta,kn,portal,v2,,,,,,,,,,,,,
KA-026,b2026q3_01,57d05e4e119d,Karnataka,Udupi-Rural Development and Panchayat Raj-RDPR(Z.P),rti_meta,kn,portal,v2,,,,,,,,,,,,,
MH-001,b2026q3_01,710429ee7e8b,Maharashtra,Ahmednagar Municipal Corporation,rti_meta,mr,portal,v2,,,,,,,,,,,,,
MH-002,b2026q3_01,ead4c1cc47eb,Maharashtra,Chandrapur Municipal Corporation,rti_meta,mr,portal,v2,,,,,,,,,,,,,
MH-003,b2026q3_01,9571a0300b54,Maharashtra,"District Collector Office, Akola",rti_meta,mr,portal,v2,,,,,,,,,,,,,
MH-004,b2026q3_01,7ae5896f74ae,Maharashtra,"District Collector Office, Amravati",rti_meta,mr,portal,v2,,,,,,,,,,,,,
MH-005,b2026q3_01,c8666b43ff73,Maharashtra,"District Collector Office, Aurangabad",rti_meta,mr,portal,v2,,,,,,,,,,,,,
MH-006,b2026q3_01,02967c0d85a8,Maharashtra,"District Collector Office, Gadchiroli",rti_meta,mr,portal,v2,,,,,,,,,,,,,
MH-007,b2026q3_01,53b858811d9f,Maharashtra,"District Collector Office, Mumbai City",rti_meta,mr,portal,v2,,,,,,,,,,,,,
MH-008,b2026q3_01,c775e7ed5f76,Maharashtra,"District Collector Office, Nagpur",rti_meta,mr,portal,v2,,,,,,,,,,,,,
MH-009,b2026q3_01,ab70a9b7072f,Maharashtra,"District Collector Office, Osmanabad",rti_meta,mr,portal,v2,,,,,,,,,,,,,
MH-010,b2026q3_01,7bada80b36da,Maharashtra,"District Collector Office, Palghar",rti_meta,mr,portal,v2,,,,,,,,,,,,,
MH-011,b2026q3_01,7ea0ff6474bf,Maharashtra,"District Collector Office, Raigad",rti_meta,mr,portal,v2,,,,,,,,,,,,,
MH-012,b2026q3_01,b739d7b4bff9,Maharashtra,"District Collector Office, Ratnagiri",rti_meta,mr,portal,v2,,,,,,,,,,,,,
MH-013,b2026q3_01,90a5af8f42ea,Maharashtra,Nagpur Municipal Corporation,rti_meta,mr,portal,v2,,,,,,,,,,,,,
MH-014,b2026q3_01,2e90d462e529,Maharashtra,Parbhani Municipal Corporation,rti_meta,mr,portal,v2,,,,,,,,,,,,,
MH-015,b2026q3_01,e0ac3ca20424,Maharashtra,Solapur Municipal Corporation,rti_meta,mr,portal,v2,,,,,,,,,,,,,
MH-016,b2026q3_01,5f3a2bab88f3,Maharashtra,"Tehsil Office, Akola",rti_meta,mr,portal,v2,,,,,,,,,,,,,
MH-017,b2026q3_01,2f6dac93a8d5,Maharashtra,Yavatmal Municipal Council,rti_meta,mr,portal,v2,,,,,,,,,,,,,
MH-018,b2026q3_01,0515858babbb,Maharashtra,"Zilla Parishad, Beed",rti_meta,mr,portal,v2,,,,,,,,,,,,,
MH-019,b2026q3_01,f492edb6b824,Maharashtra,"Zilla Parishad, Nandurbar",rti_meta,mr,portal,v2,,,,,,,,,,,,,
MH-020,b2026q3_01,e9e824dec6f9,Maharashtra,"Zilla Parishad, Nashik",rti_meta,mr,portal,v2,,,,,,,,,,,,,
MH-021,b2026q3_01,8427abc9da6a,Maharashtra,"Zilla Parishad, Osmanabad",rti_meta,mr,portal,v2,,,,,,,,,,,,,
MH-022,b2026q3_01,13227ff8bcd2,Maharashtra,"Zilla Parishad, Ratnagiri",rti_meta,mr,portal,v2,,,,,,,,,,,,,
MH-023,b2026q3_01,5dff1a740243,Maharashtra,"Zilla Parishad, Solapur",rti_meta,mr,portal,v2,,,,,,,,,,,,,
MH-024,b2026q3_01,18e768799ecc,Maharashtra,"Zilla Parishad, Thane",rti_meta,mr,portal,v2,,,,,,,,,,,,,
MH-025,b2026q3_01,c7f0da7bb289,Maharashtra,"Zilla Parishad, Washim",rti_meta,mr,portal,v2,,,,,,,,,,,,,
RJ-001,b2026q3_01,beeeac1a1c8f,Rajasthan,Collectorate Alwar,rti_meta,hi,portal,v2,,,,,,,,,,,,,
RJ-002,b2026q3_01,4777439ae58d,Rajasthan,Collectorate Barmer,rti_meta,hi,portal,v2,,,,,,,,,,,,,
RJ-003,b2026q3_01,cc57cf153773,Rajasthan,Collectorate Bundi,rti_meta,hi,portal,v2,,,,,,,,,,,,,
RJ-004,b2026q3_01,d8f578e387b1,Rajasthan,Collectorate Gangapur city,rti_meta,hi,portal,v2,,,,,,,,,,,,,
RJ-005,b2026q3_01,083e11568791,Rajasthan,Collectorate Kotputli-Behror,rti_meta,hi,portal,v2,,,,,,,,,,,,,
RJ-006,b2026q3_01,324537245be8,Rajasthan,Collectorate kekri,rti_meta,hi,portal,v2,,,,,,,,,,,,,
RJ-007,b2026q3_01,0327599ee993,Rajasthan,"Collectorate, Banswara",rti_meta,hi,portal,v2,,,,,,,,,,,,,
RJ-008,b2026q3_01,569e44710553,Rajasthan,"Collectorate, Beawar",rti_meta,hi,portal,v2,,,,,,,,,,,,,
RJ-009,b2026q3_01,bd8d71a7c78b,Rajasthan,"Collectorate, Bharatpur",rti_meta,hi,portal,v2,,,,,,,,,,,,,
RJ-010,b2026q3_01,b37fd345670b,Rajasthan,"Collectorate, Bhilwara",rti_meta,hi,portal,v2,,,,,,,,,,,,,
RJ-011,b2026q3_01,b835a740bb1d,Rajasthan,"Collectorate, Dungarpur",rti_meta,hi,portal,v2,,,,,,,,,,,,,
RJ-012,b2026q3_01,d619e965475c,Rajasthan,"Collectorate, Hanumangarh",rti_meta,hi,portal,v2,,,,,,,,,,,,,
RJ-013,b2026q3_01,dcbc7f3908a6,Rajasthan,"Collectorate, Rajasamand",rti_meta,hi,portal,v2,,,,,,,,,,,,,
RJ-014,b2026q3_01,26f218ab4414,Rajasthan,"Collectorate, Salumbar",rti_meta,hi,portal,v2,,,,,,,,,,,,,
RJ-015,b2026q3_01,fe1520bd6725,Rajasthan,Election Department,rti_meta,hi,portal,v2,,,,,,,,,,,,,
RJ-016,b2026q3_01,d6a7540991b1,Rajasthan,NAGAR NIGAM UDAIPUR,rti_meta,hi,portal,v2,,,,,,,,,,,,,
RJ-017,b2026q3_01,0bdfaa04b58b,Rajasthan,Nagar Nigam Bikaner,rti_meta,hi,portal,v2,,,,,,,,,,,,,
RJ-018,b2026q3_01,f6e03e1c555a,Rajasthan,ZILA PARISHAD DUNGARPUR,rti_meta,hi,portal,v2,,,,,,,,,,,,,
RJ-019,b2026q3_01,cad688be1d47,Rajasthan,Zila Parishad Alwar,rti_meta,hi,portal,v2,,,,,,,,,,,,,
RJ-020,b2026q3_01,fbbbb884b40a,Rajasthan,Zila Parishad Chittorgarh,rti_meta,hi,portal,v2,,,,,,,,,,,,,
RJ-021,b2026q3_01,e709647743fb,Rajasthan,Zila Parishad Dholpur,rti_meta,hi,portal,v2,,,,,,,,,,,,,
RJ-022,b2026q3_01,c399cecbd489,Rajasthan,Zila Parishad JHUNJHUNU,rti_meta,hi,portal,v2,,,,,,,,,,,,,
RJ-023,b2026q3_01,9742dc4130b7,Rajasthan,Zila Parishad Jalor,rti_meta,hi,portal,v2,,,,,,,,,,,,,
RJ-024,b2026q3_01,a5d61cf849a7,Rajasthan,Zila Parishad Karauli,rti_meta,hi,portal,v2,,,,,,,,,,,,,
RJ-025,b2026q3_01,9d851b3b6243,Rajasthan,Zila Parishad Sirohi,rti_meta,hi,portal,v2,,,,,,,,,,,,,
TN-001,b2026q3_01,52243491b32e,Tamil Nadu,ARUMUGANERI TOWN PANCHAYAT,rti_meta,ta,portal,v2,,,,,,,,,,,,,
TN-002,b2026q3_01,a1a9f2b34af0,Tamil Nadu,ASSISTANT DIRECTOR OF TOWN PANCHAYATS THIRUCHIRAPPALLI ZONE,rti_meta,ta,portal,v2,,,,,,,,,,,,,
TN-003,b2026q3_01,ec3dc6bce1ff,Tamil Nadu,AYYALUR TOWN PANCHAYAT,rti_meta,ta,portal,v2,,,,,,,,,,,,,
TN-004,b2026q3_01,735522c457b4,Tamil Nadu,"COLLECTOR, THIRUVANNAMALAI",rti_meta,ta,portal,v2,,,,,,,,,,,,,
TN-005,b2026q3_01,47f7c95c5ae8,Tamil Nadu,DISTRICT PANCHAYAT OFFICE (SALEM),rti_meta,ta,portal,v2,,,,,,,,,,,,,
TN-006,b2026q3_01,ea2dac732e66,Tamil Nadu,GANGUVARPATTI TOWN PANCHAYAT,rti_meta,ta,portal,v2,,,,,,,,,,,,,
TN-007,b2026q3_01,c83167309de9,Tamil Nadu,GREATER CHENNAI CORPORATION STADIUIM DEPARTMENT,rti_meta,ta,portal,v2,,,,,,,,,,,,,
TN-008,b2026q3_01,fa5e52971dac,Tamil Nadu,KANNAMPALAYAM TOWN PANCHAYAT,rti_meta,ta,portal,v2,,,,,,,,,,,,,
TN-009,b2026q3_01,77cfc3567eba,Tamil Nadu,"KANNIVADI TOWN PANCHAYAT, TIRUPPUR DISTRCT",rti_meta,ta,portal,v2,,,,,,,,,,,,,
TN-010,b2026q3_01,bebb50adfd2a,Tamil Nadu,MUNICIPALITY VRIDHACHALAM,rti_meta,ta,portal,v2,,,,,,,,,,,,,
TN-011,b2026q3_01,06080e540e29,Tamil Nadu,NEYYOOR TOWN PANCHAYAT,rti_meta,ta,portal,v2,,,,,,,,,,,,,
TN-012,b2026q3_01,5d861b6c3388,Tamil Nadu,ODAIPATTI TOWN PANCHAYAT,rti_meta,ta,portal,v2,,,,,,,,,,,,,
TN-013,b2026q3_01,d7680d2b17e4,Tamil Nadu,"REGIONAL ASSISTANT DIRECTOR OF SMALL SAVINGS, SMALL SAVINGS WING, COLLECTORATE, THOOTHUKUDI",rti_meta,ta,portal,v2,,,,,,,,,,,,,
TN-014,b2026q3_01,98a1cf2ca917,Tamil Nadu,"REGIONAL ASSISTANT DIRECTOR OF SMALL SAVINGS, SMALL SAVINGS WING, COLLECTORATE, VIRUDHUNAGAR",rti_meta,ta,portal,v2,,,,,,,,,,,,,
TN-015,b2026q3_01,3429b851c855,Tamil Nadu,"REVENUE DIVISIONAL OFFICE, THOOTHUKUDI",rti_meta,ta,portal,v2,,,,,,,,,,,,,
TN-016,b2026q3_01,ffb3485b86c9,Tamil Nadu,SUB COLLECTOR OFFICE HOSUR,rti_meta,ta,portal,v2,,,,,,,,,,,,,
TN-017,b2026q3_01,4b68b82805d9,Tamil Nadu,TAHSILDAR KOTAGIRI,rti_meta,ta,portal,v2,,,,,,,,,,,,,
TN-018,b2026q3_01,fa395dba6e3c,Tamil Nadu,TALUK OFFICE PARAMAKUDI,rti_meta,ta,portal,v2,,,,,,,,,,,,,
TN-019,b2026q3_01,58203a86be67,Tamil Nadu,"TALUK OFFICE, ANTHIYUR, ERODE DISTRICT",rti_meta,ta,portal,v2,,,,,,,,,,,,,
TN-020,b2026q3_01,b71b8a485e64,Tamil Nadu,"TALUK OFFICE, KARAMBAKKUDI",rti_meta,ta,portal,v2,,,,,,,,,,,,,
TN-021,b2026q3_01,478d7295f50e,Tamil Nadu,"TALUK OFFICE, NEMILI",rti_meta,ta,portal,v2,,,,,,,,,,,,,
TN-022,b2026q3_01,67c61ad45de9,Tamil Nadu,"TALUK OFFICE, R K PET, TIRUVALLUR DISTRICT",rti_meta,ta,portal,v2,,,,,,,,,,,,,
TN-023,b2026q3_01,8d7bdbaf6bba,Tamil Nadu,"TALUK OFFICE, VILATHIKULAM",rti_meta,ta,portal,v2,,,,,,,,,,,,,
TN-024,b2026q3_01,caa045b4a5b6,Tamil Nadu,VADAKARAI KEELPIDAGAI TOWN PANCHAYAT,rti_meta,ta,portal,v2,,,,,,,,,,,,,
TN-025,b2026q3_01,882c0988295c,Tamil Nadu,VEDAPATTI TOWN PANCHAYAT,rti_meta,ta,portal,v2,,,,,,,,,,,,,
TG-002,b2026q3_01,2ca8752f47c6,Telangana,Mandal Praja Parishad Chevella,rti_meta,te,portal,v2,,,,,,,,,,,,,
TG-003,b2026q3_01,623f6523caa6,Telangana,Mandal Praja Parishad Ibrahimpatnam,rti_meta,te,portal,v2,,,,,,,,,,,,,
TG-004,b2026q3_01,e86f55b3b27a,Telangana,Mandal Praja Parishad Thoguta,rti_meta,te,portal,v2,,,,,,,,,,,,,
TG-005,b2026q3_01,b9c60d3984f1,Telangana,"Municipal Administration &Urban Development,Hyderabad",rti_meta,te,portal,v2,,,,,,,,,,,,,
TG-006,b2026q3_01,de8875df329e,Telangana,"PANCHAYAT RAJ, Elkathurthi",rti_meta,te,portal,v2,,,,,,,,,,,,,
TG-007,b2026q3_01,14321d1e1dd8,Telangana,"PANCHAYAT RAJ, Shayampet",rti_meta,te,portal,v2,,,,,,,,,,,,,
TG-008,b2026q3_01,0377a5b04157,Telangana,"Panchayat Raj & Rural Development Department, Dharur",rti_meta,te,portal,v2,,,,,,,,,,,,,
TG-009,b2026q3_01,24481c7e277f,Telangana,Panchayat Raj & Rural Development(Mandal Praja Parishad )Lingampet,rti_meta,te,portal,v2,,,,,,,,,,,,,
TG-010,b2026q3_01,6b45bc9b8cbe,Telangana,"Panchayat Raj & Rural Development(Mandal Praja Parishad,)Nasrullabad",rti_meta,te,portal,v2,,,,,,,,,,,,,
TG-011,b2026q3_01,6ad769d2c01b,Telangana,"Panchayat Raj & Rural Development, Palwancha",rti_meta,te,portal,v2,,,,,,,,,,,,,
TG-012,b2026q3_01,04ac6ace27a8,Telangana,Panchayat Raj &Rural development dept(MPP) Mulakalapally,rti_meta,te,portal,v2,,,,,,,,,,,,,
TG-013,b2026q3_01,adb226276e45,Telangana,"Panchayat Raj &Rural development dept,MPP Allapally",rti_meta,te,portal,v2,,,,,,,,,,,,,
TG-014,b2026q3_01,ce320cb9f539,Telangana,"Panchayat Raj &Rural development dept,MPP PINAPAKA",rti_meta,te,portal,v2,,,,,,,,,,,,,
TG-015,b2026q3_01,d4ad95142e60,Telangana,Panchayat Raj&Rural Developmen(Mandal Praja Parishad) Chityal,rti_meta,te,portal,v2,,,,,,,,,,,,,
TG-016,b2026q3_01,2fe4161b61ed,Telangana,Panchayat Raj&Rural Developmen(Mandal Praja Parishad) Kothapallygori,rti_meta,te,portal,v2,,,,,,,,,,,,,
TG-017,b2026q3_01,a34fa4d69dea,Telangana,Panchayat Raj&Rural Development Department Gudur,rti_meta,te,portal,v2,,,,,,,,,,,,,
TG-018,b2026q3_01,44653d8078e9,Telangana,Panchayat Raj&Rural Development Department Jangaon,rti_meta,te,portal,v2,,,,,,,,,,,,,
TG-019,b2026q3_01,ca49f91513a6,Telangana,"Panchayat Raj&Rural Development, Jagitial",rti_meta,te,portal,v2,,,,,,,,,,,,,
TG-020,b2026q3_01,5024ea580755,Telangana,"Panchayat Raj&Rural Development,Jangaon",rti_meta,te,portal,v2,,,,,,,,,,,,,
TG-021,b2026q3_01,fddc15be93fc,Telangana,"Panchayat Raj&Rural Development,Nagarkurnool",rti_meta,te,portal,v2,,,,,,,,,,,,,
TG-022,b2026q3_01,943e22a6a838,Telangana,Revenue Divisional Officer Huzurabad,rti_meta,te,portal,v2,,,,,,,,,,,,,
TG-023,b2026q3_01,ca091e5b4194,Telangana,Tahsildar Office Sonala,rti_meta,te,portal,v2,,,,,,,,,,,,,
TG-024,b2026q3_01,ea18f1ec9f0c,Telangana,"Tahsildar Office, Mamada",rti_meta,te,portal,v2,,,,,,,,,,,,,
TG-025,b2026q3_01,b9c9f2ecd0eb,Telangana,"Tahsildar Office, Manoharabad",rti_meta,te,portal,v2,,,,,,,,,,,,,
TG-026,b2026q3_01,8ba54dfee896,Telangana,"Tahsildar Office, Regode",rti_meta,te,portal,v2,,,,,,,,,,,,,
